Area,ISO 3 code,Year,Category,Unit,Value
Afghanistan,AFG,2020,Capacity,GW,0.0
Afghanistan,AFG,2020,Electricity generation,TWh,0.0
Afghanistan,AFG,2021,Capacity,GW,0.0
Afghanistan,AFG,2021,Electricity generation,TWh,0.0
Afghanistan,AFG,2022,Capacity,GW,0.0
Afghanistan,AFG,2022,Electricity generation,TWh,0.0
Afghanistan,AFG,2023,Capacity,GW,0.0
Afghanistan,AFG,2023,Electricity generation,TWh,0.0
Afghanistan,AFG,2024,Capacity,GW,0.0
Afghanistan,AFG,2024,Electricity generation,TWh,0.0
Algeria,DZA,2020,Capacity,GW,0.01
Algeria,DZA,2020,Electricity generation,TWh,0.01
Algeria,DZA,2021,Capacity,GW,0.01
Algeria,DZA,2021,Electricity generation,TWh,0.01
Algeria,DZA,2022,Capacity,GW,0.01
Algeria,DZA,2022,Electricity generation,TWh,0.01
Algeria,DZA,2023,Capacity,GW,0.01
Algeria,DZA,2023,Electricity generation,TWh,0.02
Algeria,DZA,2024,Capacity,GW,0.01
Algeria,DZA,2024,Electricity generation,TWh,0.02
American Samoa,ASM,2020,Capacity,GW,0.0
American Samoa,ASM,2020,Electricity generation,TWh,0.0
American Samoa,ASM,2021,Capacity,GW,0.0
American Samoa,ASM,2021,Electricity generation,TWh,0.0
American Samoa,ASM,2022,Capacity,GW,0.0
American Samoa,ASM,2022,Electricity generation,TWh,0.0
American Samoa,ASM,2023,Capacity,GW,0.0
American Samoa,ASM,2023,Electricity generation,TWh,0.0
American Samoa,ASM,2024,Capacity,GW,0.0
American Samoa,ASM,2024,Electricity generation,TWh,0.0
Angola,AGO,2020,Capacity,GW,0.0
Angola,AGO,2020,Electricity generation,TWh,0.0
Angola,AGO,2021,Capacity,GW,0.0
Angola,AGO,2021,Electricity generation,TWh,0.0
Angola,AGO,2022,Capacity,GW,0.0
Angola,AGO,2022,Electricity generation,TWh,0.0
Angola,AGO,2023,Capacity,GW,0.0
Angola,AGO,2023,Electricity generation,TWh,0.0
Angola,AGO,2024,Capacity,GW,0.0
Angola,AGO,2024,Electricity generation,TWh,0.0
Antigua and Barbuda,ATG,2020,Capacity,GW,0.0
Antigua and Barbuda,ATG,2020,Electricity generation,TWh,0.0
Antigua and Barbuda,ATG,2021,Capacity,GW,0.0
Antigua and Barbuda,ATG,2021,Electricity generation,TWh,0.0
Antigua and Barbuda,ATG,2022,Capacity,GW,0.0
Antigua and Barbuda,ATG,2022,Electricity generation,TWh,0.0
Antigua and Barbuda,ATG,2023,Capacity,GW,0.0
Antigua and Barbuda,ATG,2023,Electricity generation,TWh,0.0
Antigua and Barbuda,ATG,2024,Capacity,GW,0.0
Antigua and Barbuda,ATG,2024,Electricity generation,TWh,0.0
Argentina,ARG,2020,Capacity,GW,2.62
Argentina,ARG,2020,Electricity generation,TWh,9.41
Argentina,ARG,2021,Capacity,GW,3.29
Argentina,ARG,2021,Electricity generation,TWh,12.94
Argentina,ARG,2022,Capacity,GW,3.31
Argentina,ARG,2022,Electricity generation,TWh,14.16
Argentina,ARG,2023,Capacity,GW,3.71
Argentina,ARG,2023,Electricity generation,TWh,14.48
Argentina,ARG,2024,Capacity,GW,4.32
Argentina,ARG,2024,Electricity generation,TWh,16.17
Argentina,ARG,2025,Capacity,GW,4.5
Argentina,ARG,2025,Electricity generation,TWh,18.62
Armenia,ARM,2020,Capacity,GW,0.0
Armenia,ARM,2020,Electricity generation,TWh,0.0
Armenia,ARM,2021,Capacity,GW,0.0
Armenia,ARM,2021,Electricity generation,TWh,0.0
Armenia,ARM,2022,Capacity,GW,0.0
Armenia,ARM,2022,Electricity generation,TWh,0.0
Armenia,ARM,2023,Capacity,GW,0.0
Armenia,ARM,2023,Electricity generation,TWh,0.0
Armenia,ARM,2024,Capacity,GW,0.0
Armenia,ARM,2024,Electricity generation,TWh,0.0
Armenia,ARM,2025,Capacity,GW,0.0
Armenia,ARM,2025,Electricity generation,TWh,0.0
Aruba,ABW,2020,Capacity,GW,0.03
Aruba,ABW,2020,Electricity generation,TWh,0.14
Aruba,ABW,2021,Capacity,GW,0.03
Aruba,ABW,2021,Electricity generation,TWh,0.14
Aruba,ABW,2022,Capacity,GW,0.03
Aruba,ABW,2022,Electricity generation,TWh,0.14
Aruba,ABW,2023,Capacity,GW,0.03
Aruba,ABW,2023,Electricity generation,TWh,0.14
Aruba,ABW,2024,Capacity,GW,0.03
Aruba,ABW,2024,Electricity generation,TWh,0.14
Australia,AUS,2020,Capacity,GW,10.21
Australia,AUS,2020,Electricity generation,TWh,22.61
Australia,AUS,2021,Capacity,GW,10.56
Australia,AUS,2021,Electricity generation,TWh,26.8
Australia,AUS,2022,Capacity,GW,11.97
Australia,AUS,2022,Electricity generation,TWh,30.05
Australia,AUS,2023,Capacity,GW,12.91
Australia,AUS,2023,Electricity generation,TWh,31.87
Australia,AUS,2024,Capacity,GW,15.56
Australia,AUS,2024,Electricity generation,TWh,32.74
Australia,AUS,2025,Capacity,GW,16.35
Australia,AUS,2025,Electricity generation,TWh,39.29
Austria,AUT,2020,Capacity,GW,3.23
Austria,AUT,2020,Electricity generation,TWh,6.79
Austria,AUT,2021,Capacity,GW,3.42
Austria,AUT,2021,Electricity generation,TWh,6.74
Austria,AUT,2022,Capacity,GW,3.62
Austria,AUT,2022,Electricity generation,TWh,7.24
Austria,AUT,2023,Capacity,GW,3.9
Austria,AUT,2023,Electricity generation,TWh,8.04
Austria,AUT,2024,Capacity,GW,4.09
Austria,AUT,2024,Electricity generation,TWh,9.14
Austria,AUT,2025,Capacity,GW,4.29
Austria,AUT,2025,Electricity generation,TWh,8.31
Azerbaijan,AZE,2020,Capacity,GW,0.07
Azerbaijan,AZE,2020,Electricity generation,TWh,0.1
Azerbaijan,AZE,2021,Capacity,GW,0.07
Azerbaijan,AZE,2021,Electricity generation,TWh,0.09
Azerbaijan,AZE,2022,Capacity,GW,0.06
Azerbaijan,AZE,2022,Electricity generation,TWh,0.08
Azerbaijan,AZE,2023,Capacity,GW,0.07
Azerbaijan,AZE,2023,Electricity generation,TWh,0.08
Azerbaijan,AZE,2024,Capacity,GW,0.07
Azerbaijan,AZE,2024,Electricity generation,TWh,0.09
Azerbaijan,AZE,2025,Capacity,GW,0.06
Azerbaijan,AZE,2025,Electricity generation,TWh,0.09
Bahamas (the),BHS,2020,Capacity,GW,0.0
Bahamas (the),BHS,2020,Electricity generation,TWh,0.0
Bahamas (the),BHS,2021,Capacity,GW,0.0
Bahamas (the),BHS,2021,Electricity generation,TWh,0.0
Bahamas (the),BHS,2022,Capacity,GW,0.0
Bahamas (the),BHS,2022,Electricity generation,TWh,0.0
Bahamas (the),BHS,2023,Capacity,GW,0.0
Bahamas (the),BHS,2023,Electricity generation,TWh,0.0
Bahamas (the),BHS,2024,Capacity,GW,0.0
Bahamas (the),BHS,2024,Electricity generation,TWh,0.0
Bahrain,BHR,2020,Capacity,GW,0.0
Bahrain,BHR,2020,Electricity generation,TWh,0.0
Bahrain,BHR,2021,Capacity,GW,0.0
Bahrain,BHR,2021,Electricity generation,TWh,0.0
Bahrain,BHR,2022,Capacity,GW,0.0
Bahrain,BHR,2022,Electricity generation,TWh,0.0
Bahrain,BHR,2023,Capacity,GW,0.0
Bahrain,BHR,2023,Electricity generation,TWh,0.0
Bahrain,BHR,2024,Capacity,GW,0.0
Bahrain,BHR,2024,Electricity generation,TWh,0.0
Bangladesh,BGD,2020,Capacity,GW,0.0
Bangladesh,BGD,2020,Electricity generation,TWh,0.01
Bangladesh,BGD,2021,Capacity,GW,0.0
Bangladesh,BGD,2021,Electricity generation,TWh,0.01
Bangladesh,BGD,2022,Capacity,GW,0.0
Bangladesh,BGD,2022,Electricity generation,TWh,0.01
Bangladesh,BGD,2023,Capacity,GW,0.0
Bangladesh,BGD,2023,Electricity generation,TWh,0.0
Bangladesh,BGD,2024,Capacity,GW,0.06
Bangladesh,BGD,2024,Electricity generation,TWh,0.0
Bangladesh,BGD,2025,Capacity,GW,0.06
Bangladesh,BGD,2025,Electricity generation,TWh,0.0
Barbados,BRB,2020,Capacity,GW,0.0
Barbados,BRB,2020,Electricity generation,TWh,0.0
Barbados,BRB,2021,Capacity,GW,0.0
Barbados,BRB,2021,Electricity generation,TWh,0.0
Barbados,BRB,2022,Capacity,GW,0.0
Barbados,BRB,2022,Electricity generation,TWh,0.0
Barbados,BRB,2023,Capacity,GW,0.0
Barbados,BRB,2023,Electricity generation,TWh,0.0
Barbados,BRB,2024,Capacity,GW,0.0
Barbados,BRB,2024,Electricity generation,TWh,0.0
Belarus,BLR,2020,Capacity,GW,0.11
Belarus,BLR,2020,Electricity generation,TWh,0.19
Belarus,BLR,2021,Capacity,GW,0.11
Belarus,BLR,2021,Electricity generation,TWh,0.17
Belarus,BLR,2022,Capacity,GW,0.12
Belarus,BLR,2022,Electricity generation,TWh,0.18
Belarus,BLR,2023,Capacity,GW,0.12
Belarus,BLR,2023,Electricity generation,TWh,0.19
Belarus,BLR,2024,Capacity,GW,0.12
Belarus,BLR,2024,Electricity generation,TWh,0.2
Belarus,BLR,2025,Capacity,GW,0.12
Belarus,BLR,2025,Electricity generation,TWh,0.41
Belgium,BEL,2020,Capacity,GW,4.67
Belgium,BEL,2020,Electricity generation,TWh,12.81
Belgium,BEL,2021,Capacity,GW,4.95
Belgium,BEL,2021,Electricity generation,TWh,12.0
Belgium,BEL,2022,Capacity,GW,5.3
Belgium,BEL,2022,Electricity generation,TWh,12.35
Belgium,BEL,2023,Capacity,GW,5.45
Belgium,BEL,2023,Electricity generation,TWh,15.44
Belgium,BEL,2024,Capacity,GW,5.64
Belgium,BEL,2024,Electricity generation,TWh,13.87
Belgium,BEL,2025,Capacity,GW,5.85
Belgium,BEL,2025,Electricity generation,TWh,13.39
Belize,BLZ,2020,Capacity,GW,0.0
Belize,BLZ,2020,Electricity generation,TWh,0.0
Belize,BLZ,2021,Capacity,GW,0.0
Belize,BLZ,2021,Electricity generation,TWh,0.0
Belize,BLZ,2022,Capacity,GW,0.0
Belize,BLZ,2022,Electricity generation,TWh,0.0
Belize,BLZ,2023,Capacity,GW,0.0
Belize,BLZ,2023,Electricity generation,TWh,0.0
Belize,BLZ,2024,Capacity,GW,0.0
Belize,BLZ,2024,Electricity generation,TWh,0.0
Benin,BEN,2020,Capacity,GW,0.0
Benin,BEN,2020,Electricity generation,TWh,0.0
Benin,BEN,2021,Capacity,GW,0.0
Benin,BEN,2021,Electricity generation,TWh,0.0
Benin,BEN,2022,Capacity,GW,0.0
Benin,BEN,2022,Electricity generation,TWh,0.0
Benin,BEN,2023,Capacity,GW,0.0
Benin,BEN,2023,Electricity generation,TWh,0.0
Benin,BEN,2024,Capacity,GW,0.0
Benin,BEN,2024,Electricity generation,TWh,0.0
Bermuda,BMU,2020,Capacity,GW,
Bermuda,BMU,2020,Electricity generation,TWh,0.0
Bermuda,BMU,2021,Capacity,GW,
Bermuda,BMU,2021,Electricity generation,TWh,0.0
Bermuda,BMU,2022,Capacity,GW,
Bermuda,BMU,2022,Electricity generation,TWh,0.0
Bermuda,BMU,2023,Capacity,GW,
Bermuda,BMU,2023,Electricity generation,TWh,0.0
Bermuda,BMU,2024,Capacity,GW,
Bermuda,BMU,2024,Electricity generation,TWh,0.0
Bhutan,BTN,2020,Capacity,GW,0.0
Bhutan,BTN,2020,Electricity generation,TWh,0.0
Bhutan,BTN,2021,Capacity,GW,0.0
Bhutan,BTN,2021,Electricity generation,TWh,0.0
Bhutan,BTN,2022,Capacity,GW,0.0
Bhutan,BTN,2022,Electricity generation,TWh,0.0
Bhutan,BTN,2023,Capacity,GW,0.0
Bhutan,BTN,2023,Electricity generation,TWh,0.0
Bhutan,BTN,2024,Capacity,GW,0.0
Bhutan,BTN,2024,Electricity generation,TWh,0.0
Bolivia,BOL,2020,Capacity,GW,0.03
Bolivia,BOL,2020,Electricity generation,TWh,0.06
Bolivia,BOL,2021,Capacity,GW,0.13
Bolivia,BOL,2021,Electricity generation,TWh,0.13
Bolivia,BOL,2022,Capacity,GW,0.13
Bolivia,BOL,2022,Electricity generation,TWh,0.44
Bolivia,BOL,2023,Capacity,GW,0.14
Bolivia,BOL,2023,Electricity generation,TWh,0.44
Bolivia,BOL,2024,Capacity,GW,0.14
Bolivia,BOL,2024,Electricity generation,TWh,0.48
Bolivia,BOL,2025,Capacity,GW,0.14
Bolivia,BOL,2025,Electricity generation,TWh,0.28
Bosnia Herzegovina,BIH,2020,Capacity,GW,0.09
Bosnia Herzegovina,BIH,2020,Electricity generation,TWh,0.26
Bosnia Herzegovina,BIH,2021,Capacity,GW,0.14
Bosnia Herzegovina,BIH,2021,Electricity generation,TWh,0.38
Bosnia Herzegovina,BIH,2022,Capacity,GW,0.14
Bosnia Herzegovina,BIH,2022,Electricity generation,TWh,0.39
Bosnia Herzegovina,BIH,2023,Capacity,GW,0.14
Bosnia Herzegovina,BIH,2023,Electricity generation,TWh,0.36
Bosnia Herzegovina,BIH,2024,Capacity,GW,0.22
Bosnia Herzegovina,BIH,2024,Electricity generation,TWh,0.37
Bosnia Herzegovina,BIH,2025,Capacity,GW,0.24
Bosnia Herzegovina,BIH,2025,Electricity generation,TWh,0.37
Botswana,BWA,2020,Capacity,GW,0.0
Botswana,BWA,2020,Electricity generation,TWh,0.0
Botswana,BWA,2021,Capacity,GW,0.0
Botswana,BWA,2021,Electricity generation,TWh,0.0
Botswana,BWA,2022,Capacity,GW,0.0
Botswana,BWA,2022,Electricity generation,TWh,0.0
Botswana,BWA,2023,Capacity,GW,0.0
Botswana,BWA,2023,Electricity generation,TWh,0.0
Botswana,BWA,2024,Capacity,GW,0.0
Botswana,BWA,2024,Electricity generation,TWh,0.0
Brazil,BRA,2020,Capacity,GW,17.22
Brazil,BRA,2020,Electricity generation,TWh,57.05
Brazil,BRA,2021,Capacity,GW,21.0
Brazil,BRA,2021,Electricity generation,TWh,72.29
Brazil,BRA,2022,Capacity,GW,24.2
Brazil,BRA,2022,Electricity generation,TWh,81.63
Brazil,BRA,2023,Capacity,GW,29.11
Brazil,BRA,2023,Electricity generation,TWh,95.8
Brazil,BRA,2024,Capacity,GW,32.92
Brazil,BRA,2024,Electricity generation,TWh,108.49
Brazil,BRA,2025,Capacity,GW,34.87
Brazil,BRA,2025,Electricity generation,TWh,117.58
Brunei Darussalam,BRN,2020,Capacity,GW,0.0
Brunei Darussalam,BRN,2020,Electricity generation,TWh,0.0
Brunei Darussalam,BRN,2021,Capacity,GW,0.0
Brunei Darussalam,BRN,2021,Electricity generation,TWh,0.0
Brunei Darussalam,BRN,2022,Capacity,GW,0.0
Brunei Darussalam,BRN,2022,Electricity generation,TWh,0.0
Brunei Darussalam,BRN,2023,Capacity,GW,0.0
Brunei Darussalam,BRN,2023,Electricity generation,TWh,0.0
Brunei Darussalam,BRN,2024,Capacity,GW,0.0
Brunei Darussalam,BRN,2024,Electricity generation,TWh,0.0
Bulgaria,BGR,2020,Capacity,GW,0.7
Bulgaria,BGR,2020,Electricity generation,TWh,1.48
Bulgaria,BGR,2021,Capacity,GW,0.7
Bulgaria,BGR,2021,Electricity generation,TWh,1.43
Bulgaria,BGR,2022,Capacity,GW,0.7
Bulgaria,BGR,2022,Electricity generation,TWh,1.5
Bulgaria,BGR,2023,Capacity,GW,0.7
Bulgaria,BGR,2023,Electricity generation,TWh,1.58
Bulgaria,BGR,2024,Capacity,GW,0.71
Bulgaria,BGR,2024,Electricity generation,TWh,1.46
Bulgaria,BGR,2025,Capacity,GW,0.71
Bulgaria,BGR,2025,Electricity generation,TWh,1.32
Burkina Faso,BFA,2020,Capacity,GW,0.0
Burkina Faso,BFA,2020,Electricity generation,TWh,0.0
Burkina Faso,BFA,2021,Capacity,GW,0.0
Burkina Faso,BFA,2021,Electricity generation,TWh,0.0
Burkina Faso,BFA,2022,Capacity,GW,0.0
Burkina Faso,BFA,2022,Electricity generation,TWh,0.0
Burkina Faso,BFA,2023,Capacity,GW,0.0
Burkina Faso,BFA,2023,Electricity generation,TWh,0.0
Burkina Faso,BFA,2024,Capacity,GW,0.0
Burkina Faso,BFA,2024,Electricity generation,TWh,0.0
Burundi,BDI,2020,Capacity,GW,0.0
Burundi,BDI,2020,Electricity generation,TWh,0.0
Burundi,BDI,2021,Capacity,GW,0.0
Burundi,BDI,2021,Electricity generation,TWh,0.0
Burundi,BDI,2022,Capacity,GW,0.0
Burundi,BDI,2022,Electricity generation,TWh,0.0
Burundi,BDI,2023,Capacity,GW,0.0
Burundi,BDI,2023,Electricity generation,TWh,0.0
Burundi,BDI,2024,Capacity,GW,0.0
Burundi,BDI,2024,Electricity generation,TWh,0.0
Cabo Verde,CPV,2020,Capacity,GW,0.03
Cabo Verde,CPV,2020,Electricity generation,TWh,0.06
Cabo Verde,CPV,2021,Capacity,GW,0.03
Cabo Verde,CPV,2021,Electricity generation,TWh,0.07
Cabo Verde,CPV,2022,Capacity,GW,0.03
Cabo Verde,CPV,2022,Electricity generation,TWh,0.07
Cabo Verde,CPV,2023,Capacity,GW,0.03
Cabo Verde,CPV,2023,Electricity generation,TWh,0.07
Cabo Verde,CPV,2024,Capacity,GW,0.03
Cabo Verde,CPV,2024,Electricity generation,TWh,0.08
Cameroon,CMR,2020,Capacity,GW,0.0
Cameroon,CMR,2020,Electricity generation,TWh,0.0
Cameroon,CMR,2021,Capacity,GW,0.0
Cameroon,CMR,2021,Electricity generation,TWh,0.0
Cameroon,CMR,2022,Capacity,GW,0.0
Cameroon,CMR,2022,Electricity generation,TWh,0.0
Cameroon,CMR,2023,Capacity,GW,0.0
Cameroon,CMR,2023,Electricity generation,TWh,0.0
Cameroon,CMR,2024,Capacity,GW,0.0
Cameroon,CMR,2024,Electricity generation,TWh,0.0
Canada,CAN,2020,Capacity,GW,13.53
Canada,CAN,2020,Electricity generation,TWh,35.76
Canada,CAN,2021,Capacity,GW,13.88
Canada,CAN,2021,Electricity generation,TWh,37.3
Canada,CAN,2022,Capacity,GW,15.24
Canada,CAN,2022,Electricity generation,TWh,39.48
Canada,CAN,2023,Capacity,GW,16.14
Canada,CAN,2023,Electricity generation,TWh,40.51
Canada,CAN,2024,Capacity,GW,17.4
Canada,CAN,2024,Electricity generation,TWh,46.83
Canada,CAN,2025,Capacity,GW,17.74
Canada,CAN,2025,Electricity generation,TWh,51.48
Cayman Islands (the),CYM,2020,Capacity,GW,0.0
Cayman Islands (the),CYM,2020,Electricity generation,TWh,0.0
Cayman Islands (the),CYM,2021,Capacity,GW,0.0
Cayman Islands (the),CYM,2021,Electricity generation,TWh,0.0
Cayman Islands (the),CYM,2022,Capacity,GW,0.0
Cayman Islands (the),CYM,2022,Electricity generation,TWh,0.0
Cayman Islands (the),CYM,2023,Capacity,GW,0.0
Cayman Islands (the),CYM,2023,Electricity generation,TWh,0.0
Cayman Islands (the),CYM,2024,Capacity,GW,0.0
Cayman Islands (the),CYM,2024,Electricity generation,TWh,0.0
Central African Republic (the),CAF,2020,Capacity,GW,0.0
Central African Republic (the),CAF,2020,Electricity generation,TWh,0.0
Central African Republic (the),CAF,2021,Capacity,GW,0.0
Central African Republic (the),CAF,2021,Electricity generation,TWh,0.0
Central African Republic (the),CAF,2022,Capacity,GW,0.0
Central African Republic (the),CAF,2022,Electricity generation,TWh,0.0
Central African Republic (the),CAF,2023,Capacity,GW,0.0
Central African Republic (the),CAF,2023,Electricity generation,TWh,0.0
Chad,TCD,2020,Capacity,GW,0.0
Chad,TCD,2020,Electricity generation,TWh,0.01
Chad,TCD,2021,Capacity,GW,0.0
Chad,TCD,2021,Electricity generation,TWh,0.01
Chad,TCD,2022,Capacity,GW,0.0
Chad,TCD,2022,Electricity generation,TWh,0.01
Chad,TCD,2023,Capacity,GW,0.0
Chad,TCD,2023,Electricity generation,TWh,0.01
Chad,TCD,2024,Capacity,GW,0.0
Chad,TCD,2024,Electricity generation,TWh,0.01
Chile,CHL,2020,Capacity,GW,2.29
Chile,CHL,2020,Electricity generation,TWh,5.55
Chile,CHL,2021,Capacity,GW,3.14
Chile,CHL,2021,Electricity generation,TWh,7.62
Chile,CHL,2022,Capacity,GW,3.82
Chile,CHL,2022,Electricity generation,TWh,8.88
Chile,CHL,2023,Capacity,GW,4.53
Chile,CHL,2023,Electricity generation,TWh,9.46
Chile,CHL,2024,Capacity,GW,4.72
Chile,CHL,2024,Electricity generation,TWh,10.43
Chile,CHL,2025,Capacity,GW,5.88
Chile,CHL,2025,Electricity generation,TWh,11.58
China,CHN,2020,Capacity,GW,281.99
China,CHN,2020,Electricity generation,TWh,466.5
China,CHN,2021,Capacity,GW,328.97
China,CHN,2021,Electricity generation,TWh,655.8
China,CHN,2022,Capacity,GW,365.96
China,CHN,2022,Electricity generation,TWh,762.67
China,CHN,2023,Capacity,GW,441.89
China,CHN,2023,Electricity generation,TWh,885.87
China,CHN,2024,Capacity,GW,521.27
China,CHN,2024,Electricity generation,TWh,997.04
China,CHN,2025,Capacity,GW,640.63
China,CHN,2025,Electricity generation,TWh,1135.43
Colombia,COL,2020,Capacity,GW,0.02
Colombia,COL,2020,Electricity generation,TWh,0.01
Colombia,COL,2021,Capacity,GW,0.02
Colombia,COL,2021,Electricity generation,TWh,0.06
Colombia,COL,2022,Capacity,GW,0.03
Colombia,COL,2022,Electricity generation,TWh,0.07
Colombia,COL,2023,Capacity,GW,0.03
Colombia,COL,2023,Electricity generation,TWh,0.22
Colombia,COL,2024,Capacity,GW,0.03
Colombia,COL,2024,Electricity generation,TWh,0.15
Colombia,COL,2025,Capacity,GW,0.03
Colombia,COL,2025,Electricity generation,TWh,0.15
Comoros (the),COM,2020,Capacity,GW,0.0
Comoros (the),COM,2020,Electricity generation,TWh,0.0
Comoros (the),COM,2021,Capacity,GW,0.0
Comoros (the),COM,2021,Electricity generation,TWh,0.0
Comoros (the),COM,2022,Capacity,GW,0.0
Comoros (the),COM,2022,Electricity generation,TWh,0.0
Comoros (the),COM,2023,Capacity,GW,0.0
Comoros (the),COM,2023,Electricity generation,TWh,0.0
Congo (the Democratic Republic of the),COD,2020,Capacity,GW,0.0
Congo (the Democratic Republic of the),COD,2020,Electricity generation,TWh,0.0
Congo (the Democratic Republic of the),COD,2021,Capacity,GW,0.0
Congo (the Democratic Republic of the),COD,2021,Electricity generation,TWh,0.0
Congo (the Democratic Republic of the),COD,2022,Capacity,GW,0.0
Congo (the Democratic Republic of the),COD,2022,Electricity generation,TWh,0.0
Congo (the Democratic Republic of the),COD,2023,Capacity,GW,0.0
Congo (the Democratic Republic of the),COD,2023,Electricity generation,TWh,0.0
Congo (the Democratic Republic of the),COD,2024,Capacity,GW,0.0
Congo (the Democratic Republic of the),COD,2024,Electricity generation,TWh,0.0
Congo (the),COG,2020,Capacity,GW,0.0
Congo (the),COG,2020,Electricity generation,TWh,0.0
Congo (the),COG,2021,Capacity,GW,0.0
Congo (the),COG,2021,Electricity generation,TWh,0.0
Congo (the),COG,2022,Capacity,GW,0.0
Congo (the),COG,2022,Electricity generation,TWh,0.0
Congo (the),COG,2023,Capacity,GW,0.0
Congo (the),COG,2023,Electricity generation,TWh,0.0
Congo (the),COG,2024,Capacity,GW,0.0
Congo (the),COG,2024,Electricity generation,TWh,0.0
Cook Islands (the),COK,2020,Capacity,GW,0.0
Cook Islands (the),COK,2020,Electricity generation,TWh,0.0
Cook Islands (the),COK,2021,Capacity,GW,0.0
Cook Islands (the),COK,2021,Electricity generation,TWh,0.0
Cook Islands (the),COK,2022,Capacity,GW,0.0
Cook Islands (the),COK,2022,Electricity generation,TWh,0.0
Cook Islands (the),COK,2023,Capacity,GW,0.0
Cook Islands (the),COK,2023,Electricity generation,TWh,0.0
Cook Islands (the),COK,2024,Capacity,GW,0.0
Cook Islands (the),COK,2024,Electricity generation,TWh,0.0
Costa Rica,CRI,2020,Capacity,GW,0.39
Costa Rica,CRI,2020,Electricity generation,TWh,1.46
Costa Rica,CRI,2021,Capacity,GW,0.39
Costa Rica,CRI,2021,Electricity generation,TWh,1.57
Costa Rica,CRI,2022,Capacity,GW,0.39
Costa Rica,CRI,2022,Electricity generation,TWh,1.37
Costa Rica,CRI,2023,Capacity,GW,0.41
Costa Rica,CRI,2023,Electricity generation,TWh,1.49
Costa Rica,CRI,2024,Capacity,GW,0.4
Costa Rica,CRI,2024,Electricity generation,TWh,1.24
Costa Rica,CRI,2025,Capacity,GW,0.44
Costa Rica,CRI,2025,Electricity generation,TWh,1.55
Cote d'Ivoire,CIV,2020,Capacity,GW,0.0
Cote d'Ivoire,CIV,2020,Electricity generation,TWh,0.0
Cote d'Ivoire,CIV,2021,Capacity,GW,0.0
Cote d'Ivoire,CIV,2021,Electricity generation,TWh,0.0
Cote d'Ivoire,CIV,2022,Capacity,GW,0.0
Cote d'Ivoire,CIV,2022,Electricity generation,TWh,0.0
Cote d'Ivoire,CIV,2023,Capacity,GW,0.0
Cote d'Ivoire,CIV,2023,Electricity generation,TWh,0.0
Cote d'Ivoire,CIV,2024,Capacity,GW,0.0
Cote d'Ivoire,CIV,2024,Electricity generation,TWh,0.0
Croatia,HRV,2020,Capacity,GW,0.8
Croatia,HRV,2020,Electricity generation,TWh,1.72
Croatia,HRV,2021,Capacity,GW,0.99
Croatia,HRV,2021,Electricity generation,TWh,2.06
Croatia,HRV,2022,Capacity,GW,0.99
Croatia,HRV,2022,Electricity generation,TWh,2.14
Croatia,HRV,2023,Capacity,GW,1.16
Croatia,HRV,2023,Electricity generation,TWh,2.59
Croatia,HRV,2024,Capacity,GW,1.3
Croatia,HRV,2024,Electricity generation,TWh,2.68
Croatia,HRV,2025,Capacity,GW,1.38
Croatia,HRV,2025,Electricity generation,TWh,3.14
Cuba,CUB,2020,Capacity,GW,0.02
Cuba,CUB,2020,Electricity generation,TWh,0.02
Cuba,CUB,2021,Capacity,GW,0.02
Cuba,CUB,2021,Electricity generation,TWh,0.02
Cuba,CUB,2022,Capacity,GW,0.02
Cuba,CUB,2022,Electricity generation,TWh,0.06
Cuba,CUB,2023,Capacity,GW,0.02
Cuba,CUB,2023,Electricity generation,TWh,0.06
Cuba,CUB,2024,Capacity,GW,0.02
Cuba,CUB,2024,Electricity generation,TWh,0.07
Cyprus,CYP,2020,Capacity,GW,0.16
Cyprus,CYP,2020,Electricity generation,TWh,0.24
Cyprus,CYP,2021,Capacity,GW,0.16
Cyprus,CYP,2021,Electricity generation,TWh,0.25
Cyprus,CYP,2022,Capacity,GW,0.16
Cyprus,CYP,2022,Electricity generation,TWh,0.22
Cyprus,CYP,2023,Capacity,GW,0.16
Cyprus,CYP,2023,Electricity generation,TWh,0.21
Cyprus,CYP,2024,Capacity,GW,0.16
Cyprus,CYP,2024,Electricity generation,TWh,0.22
Cyprus,CYP,2025,Capacity,GW,0.17
Cyprus,CYP,2025,Electricity generation,TWh,0.21
Czechia,CZE,2020,Capacity,GW,0.34
Czechia,CZE,2020,Electricity generation,TWh,0.7
Czechia,CZE,2021,Capacity,GW,0.34
Czechia,CZE,2021,Electricity generation,TWh,0.6
Czechia,CZE,2022,Capacity,GW,0.34
Czechia,CZE,2022,Electricity generation,TWh,0.64
Czechia,CZE,2023,Capacity,GW,0.34
Czechia,CZE,2023,Electricity generation,TWh,0.7
Czechia,CZE,2024,Capacity,GW,0.36
Czechia,CZE,2024,Electricity generation,TWh,0.67
Czechia,CZE,2025,Capacity,GW,0.37
Czechia,CZE,2025,Electricity generation,TWh,0.57
Denmark,DNK,2020,Capacity,GW,6.26
Denmark,DNK,2020,Electricity generation,TWh,16.33
Denmark,DNK,2021,Capacity,GW,7.0
Denmark,DNK,2021,Electricity generation,TWh,16.05
Denmark,DNK,2022,Capacity,GW,7.11
Denmark,DNK,2022,Electricity generation,TWh,19.02
Denmark,DNK,2023,Capacity,GW,7.29
Denmark,DNK,2023,Electricity generation,TWh,19.39
Denmark,DNK,2024,Capacity,GW,7.51
Denmark,DNK,2024,Electricity generation,TWh,20.6
Denmark,DNK,2025,Capacity,GW,7.55
Denmark,DNK,2025,Electricity generation,TWh,20.28
Djibouti,DJI,2020,Capacity,GW,0.0
Djibouti,DJI,2020,Electricity generation,TWh,0.0
Djibouti,DJI,2021,Capacity,GW,0.02
Djibouti,DJI,2021,Electricity generation,TWh,0.07
Djibouti,DJI,2022,Capacity,GW,0.02
Djibouti,DJI,2022,Electricity generation,TWh,0.07
Djibouti,DJI,2023,Capacity,GW,0.08
Djibouti,DJI,2023,Electricity generation,TWh,0.07
Djibouti,DJI,2024,Capacity,GW,0.08
Djibouti,DJI,2024,Electricity generation,TWh,0.07
Dominica,DMA,2020,Capacity,GW,0.0
Dominica,DMA,2020,Electricity generation,TWh,0.0
Dominica,DMA,2021,Capacity,GW,0.0
Dominica,DMA,2021,Electricity generation,TWh,0.0
Dominica,DMA,2022,Capacity,GW,0.0
Dominica,DMA,2022,Electricity generation,TWh,0.0
Dominica,DMA,2023,Capacity,GW,0.0
Dominica,DMA,2023,Electricity generation,TWh,0.0
Dominican Republic (the),DOM,2020,Capacity,GW,0.37
Dominican Republic (the),DOM,2020,Electricity generation,TWh,1.07
Dominican Republic (the),DOM,2021,Capacity,GW,0.37
Dominican Republic (the),DOM,2021,Electricity generation,TWh,1.22
Dominican Republic (the),DOM,2022,Capacity,GW,0.42
Dominican Republic (the),DOM,2022,Electricity generation,TWh,1.17
Dominican Republic (the),DOM,2023,Capacity,GW,0.42
Dominican Republic (the),DOM,2023,Electricity generation,TWh,1.2
Dominican Republic (the),DOM,2024,Capacity,GW,0.43
Dominican Republic (the),DOM,2024,Electricity generation,TWh,1.3
Dominican Republic (the),DOM,2025,Capacity,GW,0.48
Dominican Republic (the),DOM,2025,Electricity generation,TWh,1.42
Ecuador,ECU,2020,Capacity,GW,0.02
Ecuador,ECU,2020,Electricity generation,TWh,0.08
Ecuador,ECU,2021,Capacity,GW,0.02
Ecuador,ECU,2021,Electricity generation,TWh,0.06
Ecuador,ECU,2022,Capacity,GW,0.02
Ecuador,ECU,2022,Electricity generation,TWh,0.06
Ecuador,ECU,2023,Capacity,GW,0.07
Ecuador,ECU,2023,Electricity generation,TWh,0.21
Ecuador,ECU,2024,Capacity,GW,0.07
Ecuador,ECU,2024,Electricity generation,TWh,0.23
Ecuador,ECU,2025,Capacity,GW,0.07
Ecuador,ECU,2025,Electricity generation,TWh,0.19
Egypt,EGY,2020,Capacity,GW,1.38
Egypt,EGY,2020,Electricity generation,TWh,5.23
Egypt,EGY,2021,Capacity,GW,1.64
Egypt,EGY,2021,Electricity generation,TWh,5.49
Egypt,EGY,2022,Capacity,GW,1.64
Egypt,EGY,2022,Electricity generation,TWh,5.9
Egypt,EGY,2023,Capacity,GW,1.89
Egypt,EGY,2023,Electricity generation,TWh,5.99
Egypt,EGY,2024,Capacity,GW,2.2
Egypt,EGY,2024,Electricity generation,TWh,6.14
Egypt,EGY,2025,Capacity,GW,3.03
Egypt,EGY,2025,Electricity generation,TWh,9.3
El Salvador,SLV,2020,Capacity,GW,0.04
El Salvador,SLV,2020,Electricity generation,TWh,0.01
El Salvador,SLV,2021,Capacity,GW,0.05
El Salvador,SLV,2021,Electricity generation,TWh,0.13
El Salvador,SLV,2022,Capacity,GW,0.05
El Salvador,SLV,2022,Electricity generation,TWh,0.14
El Salvador,SLV,2023,Capacity,GW,0.05
El Salvador,SLV,2023,Electricity generation,TWh,0.17
El Salvador,SLV,2024,Capacity,GW,0.05
El Salvador,SLV,2024,Electricity generation,TWh,0.14
El Salvador,SLV,2025,Capacity,GW,0.05
El Salvador,SLV,2025,Electricity generation,TWh,0.2
Equatorial Guinea,GNQ,2020,Capacity,GW,0.0
Equatorial Guinea,GNQ,2020,Electricity generation,TWh,0.0
Equatorial Guinea,GNQ,2021,Capacity,GW,0.0
Equatorial Guinea,GNQ,2021,Electricity generation,TWh,0.0
Equatorial Guinea,GNQ,2022,Capacity,GW,0.0
Equatorial Guinea,GNQ,2022,Electricity generation,TWh,0.0
Equatorial Guinea,GNQ,2023,Capacity,GW,0.0
Equatorial Guinea,GNQ,2023,Electricity generation,TWh,0.0
Equatorial Guinea,GNQ,2024,Capacity,GW,0.0
Equatorial Guinea,GNQ,2024,Electricity generation,TWh,0.0
Eritrea,ERI,2020,Capacity,GW,0.0
Eritrea,ERI,2020,Electricity generation,TWh,0.0
Eritrea,ERI,2021,Capacity,GW,0.0
Eritrea,ERI,2021,Electricity generation,TWh,0.0
Eritrea,ERI,2022,Capacity,GW,0.0
Eritrea,ERI,2022,Electricity generation,TWh,0.0
Eritrea,ERI,2023,Capacity,GW,0.0
Eritrea,ERI,2023,Electricity generation,TWh,0.0
Eritrea,ERI,2024,Capacity,GW,0.0
Eritrea,ERI,2024,Electricity generation,TWh,0.0
Estonia,EST,2020,Capacity,GW,0.32
Estonia,EST,2020,Electricity generation,TWh,0.84
Estonia,EST,2021,Capacity,GW,0.32
Estonia,EST,2021,Electricity generation,TWh,0.73
Estonia,EST,2022,Capacity,GW,0.32
Estonia,EST,2022,Electricity generation,TWh,0.67
Estonia,EST,2023,Capacity,GW,0.34
Estonia,EST,2023,Electricity generation,TWh,0.68
Estonia,EST,2024,Capacity,GW,0.69
Estonia,EST,2024,Electricity generation,TWh,1.05
Estonia,EST,2025,Capacity,GW,0.71
Estonia,EST,2025,Electricity generation,TWh,1.15
Eswatini,SWZ,2020,Capacity,GW,0.0
Eswatini,SWZ,2020,Electricity generation,TWh,0.0
Eswatini,SWZ,2021,Capacity,GW,0.0
Eswatini,SWZ,2021,Electricity generation,TWh,0.0
Eswatini,SWZ,2022,Capacity,GW,0.0
Eswatini,SWZ,2022,Electricity generation,TWh,0.0
Eswatini,SWZ,2023,Capacity,GW,0.0
Eswatini,SWZ,2023,Electricity generation,TWh,0.0
Eswatini,SWZ,2024,Capacity,GW,0.0
Eswatini,SWZ,2024,Electricity generation,TWh,0.0
Ethiopia,ETH,2020,Capacity,GW,0.32
Ethiopia,ETH,2020,Electricity generation,TWh,0.61
Ethiopia,ETH,2021,Capacity,GW,0.32
Ethiopia,ETH,2021,Electricity generation,TWh,0.82
Ethiopia,ETH,2022,Capacity,GW,0.4
Ethiopia,ETH,2022,Electricity generation,TWh,0.56
Ethiopia,ETH,2023,Capacity,GW,0.32
Ethiopia,ETH,2023,Electricity generation,TWh,0.56
Ethiopia,ETH,2024,Capacity,GW,0.4
Ethiopia,ETH,2024,Electricity generation,TWh,0.7
Ethiopia,ETH,2025,Capacity,GW,0.5
Ethiopia,ETH,2025,Electricity generation,TWh,1.1
Falkland Islands (the) [Malvinas],FLK,2020,Capacity,GW,0.0
Falkland Islands (the) [Malvinas],FLK,2020,Electricity generation,TWh,0.0
Falkland Islands (the) [Malvinas],FLK,2021,Capacity,GW,0.0
Falkland Islands (the) [Malvinas],FLK,2021,Electricity generation,TWh,0.0
Falkland Islands (the) [Malvinas],FLK,2022,Capacity,GW,0.0
Falkland Islands (the) [Malvinas],FLK,2022,Electricity generation,TWh,0.0
Falkland Islands (the) [Malvinas],FLK,2023,Capacity,GW,0.0
Falkland Islands (the) [Malvinas],FLK,2023,Electricity generation,TWh,0.0
Faroe Islands (the),FRO,2020,Capacity,GW,0.02
Faroe Islands (the),FRO,2020,Electricity generation,TWh,0.05
Faroe Islands (the),FRO,2021,Capacity,GW,0.02
Faroe Islands (the),FRO,2021,Electricity generation,TWh,0.05
Faroe Islands (the),FRO,2022,Capacity,GW,0.05
Faroe Islands (the),FRO,2022,Electricity generation,TWh,0.09
Faroe Islands (the),FRO,2023,Capacity,GW,0.07
Faroe Islands (the),FRO,2023,Electricity generation,TWh,0.09
Fiji,FJI,2020,Capacity,GW,0.01
Fiji,FJI,2020,Electricity generation,TWh,0.0
Fiji,FJI,2021,Capacity,GW,0.01
Fiji,FJI,2021,Electricity generation,TWh,0.0
Fiji,FJI,2022,Capacity,GW,0.01
Fiji,FJI,2022,Electricity generation,TWh,0.0
Fiji,FJI,2023,Capacity,GW,0.01
Fiji,FJI,2023,Electricity generation,TWh,0.0
Fiji,FJI,2024,Capacity,GW,0.01
Fiji,FJI,2024,Electricity generation,TWh,0.0
Finland,FIN,2020,Capacity,GW,2.59
Finland,FIN,2020,Electricity generation,TWh,8.26
Finland,FIN,2021,Capacity,GW,3.26
Finland,FIN,2021,Electricity generation,TWh,8.51
Finland,FIN,2022,Capacity,GW,5.68
Finland,FIN,2022,Electricity generation,TWh,12.02
Finland,FIN,2023,Capacity,GW,6.95
Finland,FIN,2023,Electricity generation,TWh,15.04
Finland,FIN,2024,Capacity,GW,8.36
Finland,FIN,2024,Electricity generation,TWh,20.48
Finland,FIN,2025,Capacity,GW,9.38
Finland,FIN,2025,Electricity generation,TWh,22.58
France,FRA,2020,Capacity,GW,17.46
France,FRA,2020,Electricity generation,TWh,40.05
France,FRA,2021,Capacity,GW,18.44
France,FRA,2021,Electricity generation,TWh,37.12
France,FRA,2022,Capacity,GW,20.91
France,FRA,2022,Electricity generation,TWh,38.2
France,FRA,2023,Capacity,GW,23.1
France,FRA,2023,Electricity generation,TWh,50.48
France,FRA,2024,Capacity,GW,24.24
France,FRA,2024,Electricity generation,TWh,45.4
France,FRA,2025,Capacity,GW,25.65
France,FRA,2025,Electricity generation,TWh,46.46
French Polynesia,PYF,2020,Capacity,GW,0.0
French Polynesia,PYF,2020,Electricity generation,TWh,0.0
French Polynesia,PYF,2021,Capacity,GW,0.0
French Polynesia,PYF,2021,Electricity generation,TWh,0.0
French Polynesia,PYF,2022,Capacity,GW,0.0
French Polynesia,PYF,2022,Electricity generation,TWh,0.0
French Polynesia,PYF,2023,Capacity,GW,0.0
French Polynesia,PYF,2023,Electricity generation,TWh,0.0
French Polynesia,PYF,2024,Capacity,GW,0.0
French Polynesia,PYF,2024,Electricity generation,TWh,0.0
Gabon,GAB,2020,Capacity,GW,0.0
Gabon,GAB,2020,Electricity generation,TWh,0.0
Gabon,GAB,2021,Capacity,GW,0.0
Gabon,GAB,2021,Electricity generation,TWh,0.0
Gabon,GAB,2022,Capacity,GW,0.0
Gabon,GAB,2022,Electricity generation,TWh,0.0
Gabon,GAB,2023,Capacity,GW,0.0
Gabon,GAB,2023,Electricity generation,TWh,0.0
Gabon,GAB,2024,Capacity,GW,0.0
Gabon,GAB,2024,Electricity generation,TWh,0.0
Gambia (the),GMB,2020,Capacity,GW,0.0
Gambia (the),GMB,2020,Electricity generation,TWh,0.0
Gambia (the),GMB,2021,Capacity,GW,0.0
Gambia (the),GMB,2021,Electricity generation,TWh,0.0
Gambia (the),GMB,2022,Capacity,GW,0.0
Gambia (the),GMB,2022,Electricity generation,TWh,0.0
Gambia (the),GMB,2023,Capacity,GW,0.0
Gambia (the),GMB,2023,Electricity generation,TWh,0.0
Gambia (the),GMB,2024,Capacity,GW,0.0
Gambia (the),GMB,2024,Electricity generation,TWh,0.0
Georgia,GEO,2020,Capacity,GW,0.02
Georgia,GEO,2020,Electricity generation,TWh,0.09
Georgia,GEO,2021,Capacity,GW,0.02
Georgia,GEO,2021,Electricity generation,TWh,0.08
Georgia,GEO,2022,Capacity,GW,0.02
Georgia,GEO,2022,Electricity generation,TWh,0.09
Georgia,GEO,2023,Capacity,GW,0.02
Georgia,GEO,2023,Electricity generation,TWh,0.09
Georgia,GEO,2024,Capacity,GW,0.02
Georgia,GEO,2024,Electricity generation,TWh,0.09
Georgia,GEO,2025,Capacity,GW,0.02
Georgia,GEO,2025,Electricity generation,TWh,0.08
Germany,DEU,2020,Capacity,GW,62.2
Germany,DEU,2020,Electricity generation,TWh,132.11
Germany,DEU,2021,Capacity,GW,63.71
Germany,DEU,2021,Electricity generation,TWh,114.16
Germany,DEU,2022,Capacity,GW,66.2
Germany,DEU,2022,Electricity generation,TWh,124.81
Germany,DEU,2023,Capacity,GW,69.44
Germany,DEU,2023,Electricity generation,TWh,140.54
Germany,DEU,2024,Capacity,GW,72.74
Germany,DEU,2024,Electricity generation,TWh,141.6
Germany,DEU,2025,Capacity,GW,77.81
Germany,DEU,2025,Electricity generation,TWh,136.03
Ghana,GHA,2020,Capacity,GW,0.0
Ghana,GHA,2020,Electricity generation,TWh,0.0
Ghana,GHA,2021,Capacity,GW,0.0
Ghana,GHA,2021,Electricity generation,TWh,0.0
Ghana,GHA,2022,Capacity,GW,0.0
Ghana,GHA,2022,Electricity generation,TWh,0.0
Ghana,GHA,2023,Capacity,GW,0.0
Ghana,GHA,2023,Electricity generation,TWh,0.0
Ghana,GHA,2024,Capacity,GW,0.0
Ghana,GHA,2024,Electricity generation,TWh,0.0
Gibraltar,GIB,2020,Capacity,GW,
Gibraltar,GIB,2020,Electricity generation,TWh,0.0
Gibraltar,GIB,2021,Capacity,GW,
Gibraltar,GIB,2021,Electricity generation,TWh,0.0
Gibraltar,GIB,2022,Capacity,GW,
Gibraltar,GIB,2022,Electricity generation,TWh,0.0
Gibraltar,GIB,2023,Capacity,GW,
Gibraltar,GIB,2023,Electricity generation,TWh,0.0
Gibraltar,GIB,2024,Capacity,GW,
Gibraltar,GIB,2024,Electricity generation,TWh,0.0
Greece,GRC,2020,Capacity,GW,4.12
Greece,GRC,2020,Electricity generation,TWh,9.31
Greece,GRC,2021,Capacity,GW,4.65
Greece,GRC,2021,Electricity generation,TWh,10.48
Greece,GRC,2022,Capacity,GW,4.7
Greece,GRC,2022,Electricity generation,TWh,10.88
Greece,GRC,2023,Capacity,GW,5.23
Greece,GRC,2023,Electricity generation,TWh,11.02
Greece,GRC,2024,Capacity,GW,5.37
Greece,GRC,2024,Electricity generation,TWh,12.55
Greece,GRC,2025,Capacity,GW,5.71
Greece,GRC,2025,Electricity generation,TWh,12.08
Greenland,GRL,2020,Capacity,GW,0.0
Greenland,GRL,2020,Electricity generation,TWh,0.0
Greenland,GRL,2021,Capacity,GW,0.0
Greenland,GRL,2021,Electricity generation,TWh,0.0
Greenland,GRL,2022,Capacity,GW,0.0
Greenland,GRL,2022,Electricity generation,TWh,0.0
Greenland,GRL,2023,Capacity,GW,0.0
Greenland,GRL,2023,Electricity generation,TWh,0.0
Greenland,GRL,2024,Capacity,GW,0.0
Greenland,GRL,2024,Electricity generation,TWh,0.0
Grenada,GRD,2020,Capacity,GW,0.0
Grenada,GRD,2020,Electricity generation,TWh,0.0
Grenada,GRD,2021,Capacity,GW,0.0
Grenada,GRD,2021,Electricity generation,TWh,0.0
Grenada,GRD,2022,Capacity,GW,0.0
Grenada,GRD,2022,Electricity generation,TWh,0.0
Grenada,GRD,2023,Capacity,GW,0.0
Grenada,GRD,2023,Electricity generation,TWh,0.0
Grenada,GRD,2024,Capacity,GW,0.0
Grenada,GRD,2024,Electricity generation,TWh,0.0
Guadeloupe,GLP,2020,Capacity,GW,0.04
Guadeloupe,GLP,2020,Electricity generation,TWh,0.07
Guadeloupe,GLP,2021,Capacity,GW,0.05
Guadeloupe,GLP,2021,Electricity generation,TWh,0.11
Guadeloupe,GLP,2022,Capacity,GW,0.06
Guadeloupe,GLP,2022,Electricity generation,TWh,0.11
Guadeloupe,GLP,2023,Capacity,GW,0.06
Guadeloupe,GLP,2023,Electricity generation,TWh,0.1
Guam,GUM,2020,Capacity,GW,0.0
Guam,GUM,2020,Electricity generation,TWh,0.0
Guam,GUM,2021,Capacity,GW,0.0
Guam,GUM,2021,Electricity generation,TWh,0.0
Guam,GUM,2022,Capacity,GW,0.0
Guam,GUM,2022,Electricity generation,TWh,0.0
Guam,GUM,2023,Capacity,GW,0.0
Guam,GUM,2023,Electricity generation,TWh,0.0
Guam,GUM,2024,Capacity,GW,0.0
Guam,GUM,2024,Electricity generation,TWh,0.0
Guatemala,GTM,2020,Capacity,GW,0.11
Guatemala,GTM,2020,Electricity generation,TWh,0.31
Guatemala,GTM,2021,Capacity,GW,0.11
Guatemala,GTM,2021,Electricity generation,TWh,0.32
Guatemala,GTM,2022,Capacity,GW,0.11
Guatemala,GTM,2022,Electricity generation,TWh,0.31
Guatemala,GTM,2023,Capacity,GW,0.11
Guatemala,GTM,2023,Electricity generation,TWh,0.34
Guatemala,GTM,2024,Capacity,GW,0.11
Guatemala,GTM,2024,Electricity generation,TWh,0.37
Guinea,GIN,2020,Capacity,GW,0.0
Guinea,GIN,2020,Electricity generation,TWh,0.0
Guinea,GIN,2021,Capacity,GW,0.0
Guinea,GIN,2021,Electricity generation,TWh,0.0
Guinea,GIN,2022,Capacity,GW,0.0
Guinea,GIN,2022,Electricity generation,TWh,0.0
Guinea,GIN,2023,Capacity,GW,0.0
Guinea,GIN,2023,Electricity generation,TWh,0.0
Guinea,GIN,2024,Capacity,GW,0.0
Guinea,GIN,2024,Electricity generation,TWh,0.0
Guinea-Bissau,GNB,2020,Capacity,GW,0.0
Guinea-Bissau,GNB,2020,Electricity generation,TWh,0.0
Guinea-Bissau,GNB,2021,Capacity,GW,0.0
Guinea-Bissau,GNB,2021,Electricity generation,TWh,0.0
Guinea-Bissau,GNB,2022,Capacity,GW,0.0
Guinea-Bissau,GNB,2022,Electricity generation,TWh,0.0
Guinea-Bissau,GNB,2023,Capacity,GW,0.0
Guinea-Bissau,GNB,2023,Electricity generation,TWh,0.0
Guinea-Bissau,GNB,2024,Capacity,GW,0.0
Guinea-Bissau,GNB,2024,Electricity generation,TWh,0.0
Guyana,GUY,2020,Capacity,GW,0.0
Guyana,GUY,2020,Electricity generation,TWh,0.0
Guyana,GUY,2021,Capacity,GW,0.0
Guyana,GUY,2021,Electricity generation,TWh,0.0
Guyana,GUY,2022,Capacity,GW,0.0
Guyana,GUY,2022,Electricity generation,TWh,0.0
Guyana,GUY,2023,Capacity,GW,0.0
Guyana,GUY,2023,Electricity generation,TWh,0.0
Guyana,GUY,2024,Capacity,GW,0.0
Guyana,GUY,2024,Electricity generation,TWh,0.0
Haiti,HTI,2020,Capacity,GW,0.0
Haiti,HTI,2020,Electricity generation,TWh,0.0
Haiti,HTI,2021,Capacity,GW,0.0
Haiti,HTI,2021,Electricity generation,TWh,0.0
Haiti,HTI,2022,Capacity,GW,0.0
Haiti,HTI,2022,Electricity generation,TWh,0.0
Haiti,HTI,2023,Capacity,GW,0.0
Haiti,HTI,2023,Electricity generation,TWh,0.0
Haiti,HTI,2024,Capacity,GW,0.0
Haiti,HTI,2024,Electricity generation,TWh,0.0
Honduras,HND,2020,Capacity,GW,0.24
Honduras,HND,2020,Electricity generation,TWh,0.71
Honduras,HND,2021,Capacity,GW,0.24
Honduras,HND,2021,Electricity generation,TWh,0.77
Honduras,HND,2022,Capacity,GW,0.24
Honduras,HND,2022,Electricity generation,TWh,0.69
Honduras,HND,2023,Capacity,GW,0.24
Honduras,HND,2023,Electricity generation,TWh,0.69
Honduras,HND,2024,Capacity,GW,0.24
Honduras,HND,2024,Electricity generation,TWh,0.75
Hong Kong,HKG,2020,Capacity,GW,0.0
Hong Kong,HKG,2020,Electricity generation,TWh,0.0
Hong Kong,HKG,2021,Capacity,GW,0.0
Hong Kong,HKG,2021,Electricity generation,TWh,0.0
Hong Kong,HKG,2022,Capacity,GW,0.0
Hong Kong,HKG,2022,Electricity generation,TWh,0.0
Hong Kong,HKG,2023,Capacity,GW,0.0
Hong Kong,HKG,2023,Electricity generation,TWh,0.0
Hong Kong,HKG,2024,Capacity,GW,0.0
Hong Kong,HKG,2024,Electricity generation,TWh,0.0
Hungary,HUN,2020,Capacity,GW,0.32
Hungary,HUN,2020,Electricity generation,TWh,0.65
Hungary,HUN,2021,Capacity,GW,0.32
Hungary,HUN,2021,Electricity generation,TWh,0.66
Hungary,HUN,2022,Capacity,GW,0.32
Hungary,HUN,2022,Electricity generation,TWh,0.61
Hungary,HUN,2023,Capacity,GW,0.32
Hungary,HUN,2023,Electricity generation,TWh,0.65
Hungary,HUN,2024,Capacity,GW,0.32
Hungary,HUN,2024,Electricity generation,TWh,0.69
Hungary,HUN,2025,Capacity,GW,0.32
Hungary,HUN,2025,Electricity generation,TWh,0.6
Iceland,ISL,2020,Capacity,GW,0.0
Iceland,ISL,2020,Electricity generation,TWh,0.01
Iceland,ISL,2021,Capacity,GW,0.0
Iceland,ISL,2021,Electricity generation,TWh,0.01
Iceland,ISL,2022,Capacity,GW,0.0
Iceland,ISL,2022,Electricity generation,TWh,0.01
Iceland,ISL,2023,Capacity,GW,0.0
Iceland,ISL,2023,Electricity generation,TWh,0.01
Iceland,ISL,2024,Capacity,GW,0.0
Iceland,ISL,2024,Electricity generation,TWh,0.01
India,IND,2020,Capacity,GW,38.56
India,IND,2020,Electricity generation,TWh,60.43
India,IND,2021,Capacity,GW,40.07
India,IND,2021,Electricity generation,TWh,68.09
India,IND,2022,Capacity,GW,41.93
India,IND,2022,Electricity generation,TWh,70.05
India,IND,2023,Capacity,GW,44.74
India,IND,2023,Electricity generation,TWh,82.11
India,IND,2024,Capacity,GW,48.16
India,IND,2024,Electricity generation,TWh,81.54
India,IND,2025,Capacity,GW,54.51
India,IND,2025,Electricity generation,TWh,103.98
Indonesia,IDN,2020,Capacity,GW,0.15
Indonesia,IDN,2020,Electricity generation,TWh,0.47
Indonesia,IDN,2021,Capacity,GW,0.15
Indonesia,IDN,2021,Electricity generation,TWh,0.44
Indonesia,IDN,2022,Capacity,GW,0.15
Indonesia,IDN,2022,Electricity generation,TWh,0.36
Indonesia,IDN,2023,Capacity,GW,0.15
Indonesia,IDN,2023,Electricity generation,TWh,0.48
Indonesia,IDN,2024,Capacity,GW,0.15
Indonesia,IDN,2024,Electricity generation,TWh,0.47
Iran (Islamic Republic of),IRN,2020,Capacity,GW,0.31
Iran (Islamic Republic of),IRN,2020,Electricity generation,TWh,1.13
Iran (Islamic Republic of),IRN,2021,Capacity,GW,0.31
Iran (Islamic Republic of),IRN,2021,Electricity generation,TWh,1.13
Iran (Islamic Republic of),IRN,2022,Capacity,GW,0.34
Iran (Islamic Republic of),IRN,2022,Electricity generation,TWh,1.13
Iran (Islamic Republic of),IRN,2023,Capacity,GW,0.36
Iran (Islamic Republic of),IRN,2023,Electricity generation,TWh,1.21
Iran (Islamic Republic of),IRN,2024,Capacity,GW,0.38
Iran (Islamic Republic of),IRN,2024,Electricity generation,TWh,1.25
Iran (Islamic Republic of),IRN,2025,Capacity,GW,0.38
Iran (Islamic Republic of),IRN,2025,Electricity generation,TWh,1.25
Iraq,IRQ,2020,Capacity,GW,0.0
Iraq,IRQ,2020,Electricity generation,TWh,0.0
Iraq,IRQ,2021,Capacity,GW,0.0
Iraq,IRQ,2021,Electricity generation,TWh,0.0
Iraq,IRQ,2022,Capacity,GW,0.0
Iraq,IRQ,2022,Electricity generation,TWh,0.0
Iraq,IRQ,2023,Capacity,GW,0.0
Iraq,IRQ,2023,Electricity generation,TWh,0.0
Iraq,IRQ,2024,Capacity,GW,0.0
Iraq,IRQ,2024,Electricity generation,TWh,0.0
Ireland,IRL,2020,Capacity,GW,4.31
Ireland,IRL,2020,Electricity generation,TWh,11.74
Ireland,IRL,2021,Capacity,GW,4.34
Ireland,IRL,2021,Electricity generation,TWh,9.94
Ireland,IRL,2022,Capacity,GW,4.54
Ireland,IRL,2022,Electricity generation,TWh,11.39
Ireland,IRL,2023,Capacity,GW,4.74
Ireland,IRL,2023,Electricity generation,TWh,11.86
Ireland,IRL,2024,Capacity,GW,4.94
Ireland,IRL,2024,Electricity generation,TWh,11.6
Ireland,IRL,2025,Capacity,GW,5.13
Ireland,IRL,2025,Electricity generation,TWh,11.76
Israel,ISR,2020,Capacity,GW,0.03
Israel,ISR,2020,Electricity generation,TWh,0.2
Israel,ISR,2021,Capacity,GW,0.03
Israel,ISR,2021,Electricity generation,TWh,0.18
Israel,ISR,2022,Capacity,GW,0.14
Israel,ISR,2022,Electricity generation,TWh,0.29
Israel,ISR,2023,Capacity,GW,0.34
Israel,ISR,2023,Electricity generation,TWh,0.46
Israel,ISR,2024,Capacity,GW,0.35
Israel,ISR,2024,Electricity generation,TWh,0.46
Israel,ISR,2025,Capacity,GW,0.35
Israel,ISR,2025,Electricity generation,TWh,0.46
Italy,ITA,2020,Capacity,GW,10.87
Italy,ITA,2020,Electricity generation,TWh,18.76
Italy,ITA,2021,Capacity,GW,11.25
Italy,ITA,2021,Electricity generation,TWh,20.93
Italy,ITA,2022,Capacity,GW,11.82
Italy,ITA,2022,Electricity generation,TWh,20.49
Italy,ITA,2023,Capacity,GW,12.31
Italy,ITA,2023,Electricity generation,TWh,23.59
Italy,ITA,2024,Capacity,GW,12.96
Italy,ITA,2024,Electricity generation,TWh,22.22
Italy,ITA,2025,Capacity,GW,13.57
Italy,ITA,2025,Electricity generation,TWh,21.48
Jamaica,JAM,2020,Capacity,GW,0.1
Jamaica,JAM,2020,Electricity generation,TWh,0.28
Jamaica,JAM,2021,Capacity,GW,0.1
Jamaica,JAM,2021,Electricity generation,TWh,0.26
Jamaica,JAM,2022,Capacity,GW,0.1
Jamaica,JAM,2022,Electricity generation,TWh,0.27
Jamaica,JAM,2023,Capacity,GW,0.1
Jamaica,JAM,2023,Electricity generation,TWh,0.27
Jamaica,JAM,2024,Capacity,GW,0.1
Jamaica,JAM,2024,Electricity generation,TWh,0.29
Japan,JPN,2020,Capacity,GW,4.12
Japan,JPN,2020,Electricity generation,TWh,8.41
Japan,JPN,2021,Capacity,GW,4.26
Japan,JPN,2021,Electricity generation,TWh,9.54
Japan,JPN,2022,Capacity,GW,4.48
Japan,JPN,2022,Electricity generation,TWh,9.42
Japan,JPN,2023,Capacity,GW,5.37
Japan,JPN,2023,Electricity generation,TWh,9.96
Japan,JPN,2024,Capacity,GW,5.86
Japan,JPN,2024,Electricity generation,TWh,11.54
Japan,JPN,2025,Capacity,GW,6.24
Japan,JPN,2025,Electricity generation,TWh,12.85
Jordan,JOR,2020,Capacity,GW,0.53
Jordan,JOR,2020,Electricity generation,TWh,1.38
Jordan,JOR,2021,Capacity,GW,0.63
Jordan,JOR,2021,Electricity generation,TWh,1.6
Jordan,JOR,2022,Capacity,GW,0.63
Jordan,JOR,2022,Electricity generation,TWh,1.75
Jordan,JOR,2023,Capacity,GW,0.63
Jordan,JOR,2023,Electricity generation,TWh,1.75
Jordan,JOR,2024,Capacity,GW,0.63
Jordan,JOR,2024,Electricity generation,TWh,1.75
Kazakhstan,KAZ,2020,Capacity,GW,0.49
Kazakhstan,KAZ,2020,Electricity generation,TWh,1.03
Kazakhstan,KAZ,2021,Capacity,GW,0.68
Kazakhstan,KAZ,2021,Electricity generation,TWh,1.75
Kazakhstan,KAZ,2022,Capacity,GW,1.11
Kazakhstan,KAZ,2022,Electricity generation,TWh,2.31
Kazakhstan,KAZ,2023,Capacity,GW,1.39
Kazakhstan,KAZ,2023,Electricity generation,TWh,3.78
Kazakhstan,KAZ,2024,Capacity,GW,1.52
Kazakhstan,KAZ,2024,Electricity generation,TWh,4.91
Kazakhstan,KAZ,2025,Capacity,GW,1.91
Kazakhstan,KAZ,2025,Electricity generation,TWh,5.83
Kenya,KEN,2020,Capacity,GW,0.34
Kenya,KEN,2020,Electricity generation,TWh,1.33
Kenya,KEN,2021,Capacity,GW,0.44
Kenya,KEN,2021,Electricity generation,TWh,1.99
Kenya,KEN,2022,Capacity,GW,0.44
Kenya,KEN,2022,Electricity generation,TWh,2.14
Kenya,KEN,2023,Capacity,GW,0.44
Kenya,KEN,2023,Electricity generation,TWh,2.01
Kenya,KEN,2024,Capacity,GW,0.44
Kenya,KEN,2024,Electricity generation,TWh,2.17
Kenya,KEN,2025,Capacity,GW,0.44
Kenya,KEN,2025,Electricity generation,TWh,2.3
Kiribati,KIR,2020,Capacity,GW,0.0
Kiribati,KIR,2020,Electricity generation,TWh,0.0
Kiribati,KIR,2021,Capacity,GW,0.0
Kiribati,KIR,2021,Electricity generation,TWh,0.0
Kiribati,KIR,2022,Capacity,GW,0.0
Kiribati,KIR,2022,Electricity generation,TWh,0.0
Kiribati,KIR,2023,Capacity,GW,0.0
Kiribati,KIR,2023,Electricity generation,TWh,0.0
Kiribati,KIR,2024,Capacity,GW,0.0
Kiribati,KIR,2024,Electricity generation,TWh,0.0
Korea (the Democratic People's Republic of),PRK,2020,Capacity,GW,0.0
Korea (the Democratic People's Republic of),PRK,2020,Electricity generation,TWh,0.0
Korea (the Democratic People's Republic of),PRK,2021,Capacity,GW,0.0
Korea (the Democratic People's Republic of),PRK,2021,Electricity generation,TWh,0.0
Korea (the Democratic People's Republic of),PRK,2022,Capacity,GW,0.0
Korea (the Democratic People's Republic of),PRK,2022,Electricity generation,TWh,0.0
Korea (the Democratic People's Republic of),PRK,2023,Capacity,GW,0.0
Korea (the Democratic People's Republic of),PRK,2023,Electricity generation,TWh,0.0
Korea (the Democratic People's Republic of),PRK,2024,Capacity,GW,0.0
Korea (the Democratic People's Republic of),PRK,2024,Electricity generation,TWh,0.0
Kosovo,XKX,2020,Capacity,GW,
Kosovo,XKX,2020,Electricity generation,TWh,0.09
Kosovo,XKX,2021,Capacity,GW,
Kosovo,XKX,2021,Electricity generation,TWh,0.13
Kosovo,XKX,2022,Capacity,GW,
Kosovo,XKX,2022,Electricity generation,TWh,0.13
Kosovo,XKX,2023,Capacity,GW,
Kosovo,XKX,2023,Electricity generation,TWh,0.4
Kosovo,XKX,2024,Capacity,GW,
Kosovo,XKX,2024,Electricity generation,TWh,0.36
Kosovo,XKX,2025,Capacity,GW,
Kosovo,XKX,2025,Electricity generation,TWh,0.39
Kuwait,KWT,2020,Capacity,GW,0.01
Kuwait,KWT,2020,Electricity generation,TWh,0.03
Kuwait,KWT,2021,Capacity,GW,0.01
Kuwait,KWT,2021,Electricity generation,TWh,0.07
Kuwait,KWT,2022,Capacity,GW,0.01
Kuwait,KWT,2022,Electricity generation,TWh,1.72
Kuwait,KWT,2023,Capacity,GW,0.01
Kuwait,KWT,2023,Electricity generation,TWh,1.72
Kuwait,KWT,2024,Capacity,GW,0.01
Kuwait,KWT,2024,Electricity generation,TWh,1.86
Kuwait,KWT,2025,Capacity,GW,0.01
Kuwait,KWT,2025,Electricity generation,TWh,1.86
Kyrgyzstan,KGZ,2020,Capacity,GW,0.0
Kyrgyzstan,KGZ,2020,Electricity generation,TWh,0.0
Kyrgyzstan,KGZ,2021,Capacity,GW,0.0
Kyrgyzstan,KGZ,2021,Electricity generation,TWh,0.0
Kyrgyzstan,KGZ,2022,Capacity,GW,0.0
Kyrgyzstan,KGZ,2022,Electricity generation,TWh,0.0
Kyrgyzstan,KGZ,2023,Capacity,GW,0.0
Kyrgyzstan,KGZ,2023,Electricity generation,TWh,0.0
Kyrgyzstan,KGZ,2024,Capacity,GW,0.0
Kyrgyzstan,KGZ,2024,Electricity generation,TWh,0.0
Kyrgyzstan,KGZ,2025,Capacity,GW,0.0
Kyrgyzstan,KGZ,2025,Electricity generation,TWh,0.0
Lao People's Democratic Republic (the),LAO,2020,Capacity,GW,0.0
Lao People's Democratic Republic (the),LAO,2020,Electricity generation,TWh,0.0
Lao People's Democratic Republic (the),LAO,2021,Capacity,GW,0.0
Lao People's Democratic Republic (the),LAO,2021,Electricity generation,TWh,0.0
Lao People's Democratic Republic (the),LAO,2022,Capacity,GW,0.0
Lao People's Democratic Republic (the),LAO,2022,Electricity generation,TWh,0.0
Lao People's Democratic Republic (the),LAO,2023,Capacity,GW,0.0
Lao People's Democratic Republic (the),LAO,2023,Electricity generation,TWh,0.0
Lao People's Democratic Republic (the),LAO,2024,Capacity,GW,0.0
Lao People's Democratic Republic (the),LAO,2024,Electricity generation,TWh,0.0
Latvia,LVA,2020,Capacity,GW,0.08
Latvia,LVA,2020,Electricity generation,TWh,0.18
Latvia,LVA,2021,Capacity,GW,0.08
Latvia,LVA,2021,Electricity generation,TWh,0.14
Latvia,LVA,2022,Capacity,GW,0.08
Latvia,LVA,2022,Electricity generation,TWh,0.19
Latvia,LVA,2023,Capacity,GW,0.13
Latvia,LVA,2023,Electricity generation,TWh,0.27
Latvia,LVA,2024,Capacity,GW,0.13
Latvia,LVA,2024,Electricity generation,TWh,0.28
Latvia,LVA,2025,Capacity,GW,0.13
Latvia,LVA,2025,Electricity generation,TWh,0.23
Lebanon,LBN,2020,Capacity,GW,0.0
Lebanon,LBN,2020,Electricity generation,TWh,0.01
Lebanon,LBN,2021,Capacity,GW,0.0
Lebanon,LBN,2021,Electricity generation,TWh,0.01
Lebanon,LBN,2022,Capacity,GW,0.0
Lebanon,LBN,2022,Electricity generation,TWh,0.01
Lebanon,LBN,2023,Capacity,GW,0.0
Lebanon,LBN,2023,Electricity generation,TWh,0.01
Lebanon,LBN,2024,Capacity,GW,0.0
Lebanon,LBN,2024,Electricity generation,TWh,0.01
Lesotho,LSO,2020,Capacity,GW,0.0
Lesotho,LSO,2020,Electricity generation,TWh,0.0
Lesotho,LSO,2021,Capacity,GW,0.0
Lesotho,LSO,2021,Electricity generation,TWh,0.0
Lesotho,LSO,2022,Capacity,GW,0.0
Lesotho,LSO,2022,Electricity generation,TWh,0.0
Lesotho,LSO,2023,Capacity,GW,0.0
Lesotho,LSO,2023,Electricity generation,TWh,0.0
Lesotho,LSO,2024,Capacity,GW,0.0
Lesotho,LSO,2024,Electricity generation,TWh,0.0
Liberia,LBR,2020,Capacity,GW,0.0
Liberia,LBR,2020,Electricity generation,TWh,0.0
Liberia,LBR,2021,Capacity,GW,0.0
Liberia,LBR,2021,Electricity generation,TWh,0.0
Liberia,LBR,2022,Capacity,GW,0.0
Liberia,LBR,2022,Electricity generation,TWh,0.0
Liberia,LBR,2023,Capacity,GW,0.0
Liberia,LBR,2023,Electricity generation,TWh,0.0
Liberia,LBR,2024,Capacity,GW,0.0
Liberia,LBR,2024,Electricity generation,TWh,0.0
Libya,LBY,2020,Capacity,GW,0.0
Libya,LBY,2020,Electricity generation,TWh,0.0
Libya,LBY,2021,Capacity,GW,0.0
Libya,LBY,2021,Electricity generation,TWh,0.0
Libya,LBY,2022,Capacity,GW,0.0
Libya,LBY,2022,Electricity generation,TWh,0.0
Libya,LBY,2023,Capacity,GW,0.0
Libya,LBY,2023,Electricity generation,TWh,0.0
Libya,LBY,2024,Capacity,GW,0.0
Libya,LBY,2024,Electricity generation,TWh,0.0
Lithuania,LTU,2020,Capacity,GW,0.54
Lithuania,LTU,2020,Electricity generation,TWh,1.55
Lithuania,LTU,2021,Capacity,GW,0.67
Lithuania,LTU,2021,Electricity generation,TWh,1.36
Lithuania,LTU,2022,Capacity,GW,0.95
Lithuania,LTU,2022,Electricity generation,TWh,1.51
Lithuania,LTU,2023,Capacity,GW,1.28
Lithuania,LTU,2023,Electricity generation,TWh,2.54
Lithuania,LTU,2024,Capacity,GW,1.83
Lithuania,LTU,2024,Electricity generation,TWh,3.41
Lithuania,LTU,2025,Capacity,GW,2.51
Lithuania,LTU,2025,Electricity generation,TWh,3.98
Luxembourg,LUX,2020,Capacity,GW,0.15
Luxembourg,LUX,2020,Electricity generation,TWh,0.35
Luxembourg,LUX,2021,Capacity,GW,0.14
Luxembourg,LUX,2021,Electricity generation,TWh,0.31
Luxembourg,LUX,2022,Capacity,GW,0.17
Luxembourg,LUX,2022,Electricity generation,TWh,0.31
Luxembourg,LUX,2023,Capacity,GW,0.21
Luxembourg,LUX,2023,Electricity generation,TWh,0.5
Luxembourg,LUX,2024,Capacity,GW,0.21
Luxembourg,LUX,2024,Electricity generation,TWh,0.46
Luxembourg,LUX,2025,Capacity,GW,0.23
Luxembourg,LUX,2025,Electricity generation,TWh,0.47
Macao,MAC,2020,Capacity,GW,
Macao,MAC,2020,Electricity generation,TWh,0.0
Macao,MAC,2021,Capacity,GW,
Macao,MAC,2021,Electricity generation,TWh,0.0
Macao,MAC,2022,Capacity,GW,
Macao,MAC,2022,Electricity generation,TWh,0.0
Macao,MAC,2023,Capacity,GW,
Macao,MAC,2023,Electricity generation,TWh,0.0
Macao,MAC,2024,Capacity,GW,
Macao,MAC,2024,Electricity generation,TWh,0.0
Madagascar,MDG,2020,Capacity,GW,0.0
Madagascar,MDG,2020,Electricity generation,TWh,0.0
Madagascar,MDG,2021,Capacity,GW,0.0
Madagascar,MDG,2021,Electricity generation,TWh,0.0
Madagascar,MDG,2022,Capacity,GW,0.0
Madagascar,MDG,2022,Electricity generation,TWh,0.0
Madagascar,MDG,2023,Capacity,GW,0.0
Madagascar,MDG,2023,Electricity generation,TWh,0.0
Madagascar,MDG,2024,Capacity,GW,0.0
Madagascar,MDG,2024,Electricity generation,TWh,0.0
Malawi,MWI,2020,Capacity,GW,0.0
Malawi,MWI,2020,Electricity generation,TWh,0.0
Malawi,MWI,2021,Capacity,GW,0.0
Malawi,MWI,2021,Electricity generation,TWh,0.0
Malawi,MWI,2022,Capacity,GW,0.0
Malawi,MWI,2022,Electricity generation,TWh,0.0
Malawi,MWI,2023,Capacity,GW,0.0
Malawi,MWI,2023,Electricity generation,TWh,0.0
Malawi,MWI,2024,Capacity,GW,0.0
Malawi,MWI,2024,Electricity generation,TWh,0.0
Malaysia,MYS,2020,Capacity,GW,0.0
Malaysia,MYS,2020,Electricity generation,TWh,0.0
Malaysia,MYS,2021,Capacity,GW,0.0
Malaysia,MYS,2021,Electricity generation,TWh,0.0
Malaysia,MYS,2022,Capacity,GW,0.0
Malaysia,MYS,2022,Electricity generation,TWh,0.0
Malaysia,MYS,2023,Capacity,GW,0.0
Malaysia,MYS,2023,Electricity generation,TWh,0.0
Malaysia,MYS,2024,Capacity,GW,0.0
Malaysia,MYS,2024,Electricity generation,TWh,0.0
Malaysia,MYS,2025,Capacity,GW,0.0
Malaysia,MYS,2025,Electricity generation,TWh,0.0
Maldives,MDV,2020,Capacity,GW,0.0
Maldives,MDV,2020,Electricity generation,TWh,0.0
Maldives,MDV,2021,Capacity,GW,0.0
Maldives,MDV,2021,Electricity generation,TWh,0.0
Maldives,MDV,2022,Capacity,GW,0.0
Maldives,MDV,2022,Electricity generation,TWh,0.0
Maldives,MDV,2023,Capacity,GW,0.0
Maldives,MDV,2023,Electricity generation,TWh,0.0
Maldives,MDV,2024,Capacity,GW,0.0
Maldives,MDV,2024,Electricity generation,TWh,0.0
Mali,MLI,2020,Capacity,GW,0.0
Mali,MLI,2020,Electricity generation,TWh,0.0
Mali,MLI,2021,Capacity,GW,0.0
Mali,MLI,2021,Electricity generation,TWh,0.0
Mali,MLI,2022,Capacity,GW,0.0
Mali,MLI,2022,Electricity generation,TWh,0.0
Mali,MLI,2023,Capacity,GW,0.0
Mali,MLI,2023,Electricity generation,TWh,0.0
Mali,MLI,2024,Capacity,GW,0.0
Mali,MLI,2024,Electricity generation,TWh,0.0
Malta,MLT,2020,Capacity,GW,0.0
Malta,MLT,2020,Electricity generation,TWh,0.0
Malta,MLT,2021,Capacity,GW,0.0
Malta,MLT,2021,Electricity generation,TWh,0.0
Malta,MLT,2022,Capacity,GW,0.0
Malta,MLT,2022,Electricity generation,TWh,0.0
Malta,MLT,2023,Capacity,GW,0.0
Malta,MLT,2023,Electricity generation,TWh,0.0
Malta,MLT,2024,Capacity,GW,0.0
Malta,MLT,2024,Electricity generation,TWh,0.0
Malta,MLT,2025,Capacity,GW,0.0
Malta,MLT,2025,Electricity generation,TWh,0.0
Martinique,MTQ,2020,Capacity,GW,0.02
Martinique,MTQ,2020,Electricity generation,TWh,0.04
Martinique,MTQ,2021,Capacity,GW,0.01
Martinique,MTQ,2021,Electricity generation,TWh,0.05
Martinique,MTQ,2022,Capacity,GW,0.01
Martinique,MTQ,2022,Electricity generation,TWh,0.04
Martinique,MTQ,2023,Capacity,GW,0.01
Martinique,MTQ,2023,Electricity generation,TWh,0.03
Mauritania,MRT,2020,Capacity,GW,0.03
Mauritania,MRT,2020,Electricity generation,TWh,0.12
Mauritania,MRT,2021,Capacity,GW,0.03
Mauritania,MRT,2021,Electricity generation,TWh,0.1
Mauritania,MRT,2022,Capacity,GW,0.03
Mauritania,MRT,2022,Electricity generation,TWh,0.1
Mauritania,MRT,2023,Capacity,GW,0.14
Mauritania,MRT,2023,Electricity generation,TWh,0.1
Mauritania,MRT,2024,Capacity,GW,0.14
Mauritania,MRT,2024,Electricity generation,TWh,0.1
Mauritius,MUS,2020,Capacity,GW,0.01
Mauritius,MUS,2020,Electricity generation,TWh,0.02
Mauritius,MUS,2021,Capacity,GW,0.01
Mauritius,MUS,2021,Electricity generation,TWh,0.01
Mauritius,MUS,2022,Capacity,GW,0.01
Mauritius,MUS,2022,Electricity generation,TWh,0.02
Mauritius,MUS,2023,Capacity,GW,0.01
Mauritius,MUS,2023,Electricity generation,TWh,0.01
Mauritius,MUS,2024,Capacity,GW,0.01
Mauritius,MUS,2024,Electricity generation,TWh,0.01
Mexico,MEX,2020,Capacity,GW,7.0
Mexico,MEX,2020,Electricity generation,TWh,19.7
Mexico,MEX,2021,Capacity,GW,7.47
Mexico,MEX,2021,Electricity generation,TWh,21.07
Mexico,MEX,2022,Capacity,GW,7.63
Mexico,MEX,2022,Electricity generation,TWh,20.53
Mexico,MEX,2023,Capacity,GW,7.32
Mexico,MEX,2023,Electricity generation,TWh,20.7
Mexico,MEX,2024,Capacity,GW,7.51
Mexico,MEX,2024,Electricity generation,TWh,19.75
Mexico,MEX,2025,Capacity,GW,7.51
Mexico,MEX,2025,Electricity generation,TWh,21.38
Moldova,MDA,2020,Capacity,GW,0.04
Moldova,MDA,2020,Electricity generation,TWh,0.05
Moldova,MDA,2021,Capacity,GW,0.07
Moldova,MDA,2021,Electricity generation,TWh,0.08
Moldova,MDA,2022,Capacity,GW,0.12
Moldova,MDA,2022,Electricity generation,TWh,0.14
Moldova,MDA,2023,Capacity,GW,0.14
Moldova,MDA,2023,Electricity generation,TWh,0.19
Moldova,MDA,2024,Capacity,GW,0.16
Moldova,MDA,2024,Electricity generation,TWh,0.21
Moldova,MDA,2025,Capacity,GW,0.25
Moldova,MDA,2025,Electricity generation,TWh,0.23
Mongolia,MNG,2020,Capacity,GW,0.16
Mongolia,MNG,2020,Electricity generation,TWh,0.48
Mongolia,MNG,2021,Capacity,GW,0.16
Mongolia,MNG,2021,Electricity generation,TWh,0.58
Mongolia,MNG,2022,Capacity,GW,0.16
Mongolia,MNG,2022,Electricity generation,TWh,0.51
Mongolia,MNG,2023,Capacity,GW,0.15
Mongolia,MNG,2023,Electricity generation,TWh,0.51
Mongolia,MNG,2024,Capacity,GW,0.16
Mongolia,MNG,2024,Electricity generation,TWh,0.51
Mongolia,MNG,2025,Capacity,GW,0.16
Mongolia,MNG,2025,Electricity generation,TWh,0.54
Montenegro,MNE,2020,Capacity,GW,0.12
Montenegro,MNE,2020,Electricity generation,TWh,0.32
Montenegro,MNE,2021,Capacity,GW,0.12
Montenegro,MNE,2021,Electricity generation,TWh,0.32
Montenegro,MNE,2022,Capacity,GW,0.12
Montenegro,MNE,2022,Electricity generation,TWh,0.32
Montenegro,MNE,2023,Capacity,GW,0.12
Montenegro,MNE,2023,Electricity generation,TWh,0.31
Montenegro,MNE,2024,Capacity,GW,0.12
Montenegro,MNE,2024,Electricity generation,TWh,0.27
Montenegro,MNE,2025,Capacity,GW,0.12
Montenegro,MNE,2025,Electricity generation,TWh,0.28
Montserrat,MSR,2020,Capacity,GW,0.0
Montserrat,MSR,2020,Electricity generation,TWh,0.0
Montserrat,MSR,2021,Capacity,GW,0.0
Montserrat,MSR,2021,Electricity generation,TWh,0.0
Montserrat,MSR,2022,Capacity,GW,0.0
Montserrat,MSR,2022,Electricity generation,TWh,0.0
Montserrat,MSR,2023,Capacity,GW,0.0
Montserrat,MSR,2023,Electricity generation,TWh,0.0
Montserrat,MSR,2024,Capacity,GW,0.0
Montserrat,MSR,2024,Electricity generation,TWh,0.0
Morocco,MAR,2020,Capacity,GW,1.43
Morocco,MAR,2020,Electricity generation,TWh,4.59
Morocco,MAR,2021,Capacity,GW,1.47
Morocco,MAR,2021,Electricity generation,TWh,5.11
Morocco,MAR,2022,Capacity,GW,1.56
Morocco,MAR,2022,Electricity generation,TWh,5.36
Morocco,MAR,2023,Capacity,GW,2.08
Morocco,MAR,2023,Electricity generation,TWh,6.55
Morocco,MAR,2024,Capacity,GW,2.39
Morocco,MAR,2024,Electricity generation,TWh,7.09
Morocco,MAR,2025,Capacity,GW,2.45
Morocco,MAR,2025,Electricity generation,TWh,6.74
Mozambique,MOZ,2020,Capacity,GW,0.0
Mozambique,MOZ,2020,Electricity generation,TWh,0.0
Mozambique,MOZ,2021,Capacity,GW,0.0
Mozambique,MOZ,2021,Electricity generation,TWh,0.0
Mozambique,MOZ,2022,Capacity,GW,0.0
Mozambique,MOZ,2022,Electricity generation,TWh,0.0
Mozambique,MOZ,2023,Capacity,GW,0.0
Mozambique,MOZ,2023,Electricity generation,TWh,0.0
Mozambique,MOZ,2024,Capacity,GW,0.0
Mozambique,MOZ,2024,Electricity generation,TWh,0.0
Myanmar,MMR,2020,Capacity,GW,0.0
Myanmar,MMR,2020,Electricity generation,TWh,0.0
Myanmar,MMR,2021,Capacity,GW,0.0
Myanmar,MMR,2021,Electricity generation,TWh,0.0
Myanmar,MMR,2022,Capacity,GW,0.0
Myanmar,MMR,2022,Electricity generation,TWh,0.0
Myanmar,MMR,2023,Capacity,GW,0.0
Myanmar,MMR,2023,Electricity generation,TWh,0.0
Myanmar,MMR,2024,Capacity,GW,0.0
Myanmar,MMR,2024,Electricity generation,TWh,0.0
Namibia,NAM,2020,Capacity,GW,0.01
Namibia,NAM,2020,Electricity generation,TWh,0.02
Namibia,NAM,2021,Capacity,GW,0.01
Namibia,NAM,2021,Electricity generation,TWh,0.02
Namibia,NAM,2022,Capacity,GW,0.01
Namibia,NAM,2022,Electricity generation,TWh,0.02
Namibia,NAM,2023,Capacity,GW,0.01
Namibia,NAM,2023,Electricity generation,TWh,0.02
Namibia,NAM,2024,Capacity,GW,0.01
Namibia,NAM,2024,Electricity generation,TWh,0.02
Nauru,NRU,2020,Capacity,GW,0.0
Nauru,NRU,2020,Electricity generation,TWh,0.0
Nauru,NRU,2021,Capacity,GW,0.0
Nauru,NRU,2021,Electricity generation,TWh,0.0
Nauru,NRU,2022,Capacity,GW,0.0
Nauru,NRU,2022,Electricity generation,TWh,0.0
Nauru,NRU,2023,Capacity,GW,0.0
Nauru,NRU,2023,Electricity generation,TWh,0.0
Nauru,NRU,2024,Capacity,GW,0.0
Nauru,NRU,2024,Electricity generation,TWh,0.0
Nepal,NPL,2020,Capacity,GW,0.0
Nepal,NPL,2020,Electricity generation,TWh,0.01
Nepal,NPL,2021,Capacity,GW,0.0
Nepal,NPL,2021,Electricity generation,TWh,0.01
Nepal,NPL,2022,Capacity,GW,0.0
Nepal,NPL,2022,Electricity generation,TWh,0.01
Nepal,NPL,2023,Capacity,GW,0.0
Nepal,NPL,2023,Electricity generation,TWh,0.01
Nepal,NPL,2024,Capacity,GW,0.0
Nepal,NPL,2024,Electricity generation,TWh,0.01
Netherlands,NLD,2020,Capacity,GW,6.65
Netherlands,NLD,2020,Electricity generation,TWh,15.27
Netherlands,NLD,2021,Capacity,GW,7.65
Netherlands,NLD,2021,Electricity generation,TWh,18.13
Netherlands,NLD,2022,Capacity,GW,8.7
Netherlands,NLD,2022,Electricity generation,TWh,21.57
Netherlands,NLD,2023,Capacity,GW,10.8
Netherlands,NLD,2023,Electricity generation,TWh,29.52
Netherlands,NLD,2024,Capacity,GW,11.7
Netherlands,NLD,2024,Electricity generation,TWh,33.48
Netherlands,NLD,2025,Capacity,GW,11.78
Netherlands,NLD,2025,Electricity generation,TWh,33.7
New Caledonia,NCL,2020,Capacity,GW,0.04
New Caledonia,NCL,2020,Electricity generation,TWh,0.05
New Caledonia,NCL,2021,Capacity,GW,0.04
New Caledonia,NCL,2021,Electricity generation,TWh,0.04
New Caledonia,NCL,2022,Capacity,GW,0.06
New Caledonia,NCL,2022,Electricity generation,TWh,0.04
New Caledonia,NCL,2023,Capacity,GW,0.06
New Caledonia,NCL,2023,Electricity generation,TWh,0.04
New Caledonia,NCL,2024,Capacity,GW,0.06
New Caledonia,NCL,2024,Electricity generation,TWh,0.04
New Zealand,NZL,2020,Capacity,GW,0.69
New Zealand,NZL,2020,Electricity generation,TWh,2.28
New Zealand,NZL,2021,Capacity,GW,0.91
New Zealand,NZL,2021,Electricity generation,TWh,2.62
New Zealand,NZL,2022,Capacity,GW,0.95
New Zealand,NZL,2022,Electricity generation,TWh,2.89
New Zealand,NZL,2023,Capacity,GW,1.05
New Zealand,NZL,2023,Electricity generation,TWh,3.51
New Zealand,NZL,2024,Capacity,GW,1.26
New Zealand,NZL,2024,Electricity generation,TWh,4.31
New Zealand,NZL,2025,Capacity,GW,1.26
New Zealand,NZL,2025,Electricity generation,TWh,4.22
Nicaragua,NIC,2020,Capacity,GW,0.19
Nicaragua,NIC,2020,Electricity generation,TWh,0.55
Nicaragua,NIC,2021,Capacity,GW,0.19
Nicaragua,NIC,2021,Electricity generation,TWh,0.66
Nicaragua,NIC,2022,Capacity,GW,0.19
Nicaragua,NIC,2022,Electricity generation,TWh,0.56
Nicaragua,NIC,2023,Capacity,GW,0.19
Nicaragua,NIC,2023,Electricity generation,TWh,0.56
Nicaragua,NIC,2024,Capacity,GW,0.19
Nicaragua,NIC,2024,Electricity generation,TWh,0.56
Niger (the),NER,2020,Capacity,GW,0.0
Niger (the),NER,2020,Electricity generation,TWh,0.0
Niger (the),NER,2021,Capacity,GW,0.0
Niger (the),NER,2021,Electricity generation,TWh,0.0
Niger (the),NER,2022,Capacity,GW,0.0
Niger (the),NER,2022,Electricity generation,TWh,0.0
Niger (the),NER,2023,Capacity,GW,0.0
Niger (the),NER,2023,Electricity generation,TWh,0.0
Niger (the),NER,2024,Capacity,GW,0.0
Niger (the),NER,2024,Electricity generation,TWh,0.0
Nigeria,NGA,2020,Capacity,GW,0.0
Nigeria,NGA,2020,Electricity generation,TWh,0.0
Nigeria,NGA,2021,Capacity,GW,0.0
Nigeria,NGA,2021,Electricity generation,TWh,0.0
Nigeria,NGA,2022,Capacity,GW,0.0
Nigeria,NGA,2022,Electricity generation,TWh,0.0
Nigeria,NGA,2023,Capacity,GW,0.0
Nigeria,NGA,2023,Electricity generation,TWh,0.0
Nigeria,NGA,2024,Capacity,GW,0.0
Nigeria,NGA,2024,Electricity generation,TWh,0.0
Nigeria,NGA,2025,Capacity,GW,0.0
Nigeria,NGA,2025,Electricity generation,TWh,0.0
Niue,NIU,2020,Capacity,GW,0.0
Niue,NIU,2020,Electricity generation,TWh,0.0
Niue,NIU,2021,Capacity,GW,0.0
Niue,NIU,2021,Electricity generation,TWh,0.0
Niue,NIU,2022,Capacity,GW,0.0
Niue,NIU,2022,Electricity generation,TWh,0.0
Niue,NIU,2023,Capacity,GW,0.0
Niue,NIU,2023,Electricity generation,TWh,0.0
North Macedonia,MKD,2020,Capacity,GW,0.04
North Macedonia,MKD,2020,Electricity generation,TWh,0.12
North Macedonia,MKD,2021,Capacity,GW,0.04
North Macedonia,MKD,2021,Electricity generation,TWh,0.1
North Macedonia,MKD,2022,Capacity,GW,0.04
North Macedonia,MKD,2022,Electricity generation,TWh,0.11
North Macedonia,MKD,2023,Capacity,GW,0.07
North Macedonia,MKD,2023,Electricity generation,TWh,0.16
North Macedonia,MKD,2024,Capacity,GW,0.07
North Macedonia,MKD,2024,Electricity generation,TWh,0.17
North Macedonia,MKD,2025,Capacity,GW,0.1
North Macedonia,MKD,2025,Electricity generation,TWh,0.3
Norway,NOR,2020,Capacity,GW,4.03
Norway,NOR,2020,Electricity generation,TWh,9.91
Norway,NOR,2021,Capacity,GW,5.05
Norway,NOR,2021,Electricity generation,TWh,11.76
Norway,NOR,2022,Capacity,GW,5.06
Norway,NOR,2022,Electricity generation,TWh,14.8
Norway,NOR,2023,Capacity,GW,5.06
Norway,NOR,2023,Electricity generation,TWh,13.96
Norway,NOR,2024,Capacity,GW,5.16
Norway,NOR,2024,Electricity generation,TWh,14.6
Norway,NOR,2025,Capacity,GW,5.16
Norway,NOR,2025,Electricity generation,TWh,13.58
Oman,OMN,2020,Capacity,GW,0.05
Oman,OMN,2020,Electricity generation,TWh,0.0
Oman,OMN,2021,Capacity,GW,0.05
Oman,OMN,2021,Electricity generation,TWh,0.1
Oman,OMN,2022,Capacity,GW,0.05
Oman,OMN,2022,Electricity generation,TWh,0.1
Oman,OMN,2023,Capacity,GW,0.05
Oman,OMN,2023,Electricity generation,TWh,0.1
Oman,OMN,2024,Capacity,GW,0.05
Oman,OMN,2024,Electricity generation,TWh,0.1
Oman,OMN,2025,Capacity,GW,0.05
Oman,OMN,2025,Electricity generation,TWh,0.1
Pakistan,PAK,2020,Capacity,GW,1.24
Pakistan,PAK,2020,Electricity generation,TWh,2.89
Pakistan,PAK,2021,Capacity,GW,1.34
Pakistan,PAK,2021,Electricity generation,TWh,3.74
Pakistan,PAK,2022,Capacity,GW,1.85
Pakistan,PAK,2022,Electricity generation,TWh,4.34
Pakistan,PAK,2023,Capacity,GW,1.85
Pakistan,PAK,2023,Electricity generation,TWh,4.01
Pakistan,PAK,2024,Capacity,GW,1.85
Pakistan,PAK,2024,Electricity generation,TWh,3.89
Pakistan,PAK,2025,Capacity,GW,1.85
Pakistan,PAK,2025,Electricity generation,TWh,4.46
"Palestine, State of",PSE,2020,Capacity,GW,0.0
"Palestine, State of",PSE,2020,Electricity generation,TWh,0.0
"Palestine, State of",PSE,2021,Capacity,GW,0.0
"Palestine, State of",PSE,2021,Electricity generation,TWh,0.0
"Palestine, State of",PSE,2022,Capacity,GW,0.0
"Palestine, State of",PSE,2022,Electricity generation,TWh,0.0
"Palestine, State of",PSE,2023,Capacity,GW,0.0
"Palestine, State of",PSE,2023,Electricity generation,TWh,0.0
"Palestine, State of",PSE,2024,Capacity,GW,0.0
"Palestine, State of",PSE,2024,Electricity generation,TWh,0.0
Panama,PAN,2020,Capacity,GW,0.27
Panama,PAN,2020,Electricity generation,TWh,0.58
Panama,PAN,2021,Capacity,GW,0.27
Panama,PAN,2021,Electricity generation,TWh,0.53
Panama,PAN,2022,Capacity,GW,0.34
Panama,PAN,2022,Electricity generation,TWh,0.58
Panama,PAN,2023,Capacity,GW,0.34
Panama,PAN,2023,Electricity generation,TWh,0.89
Panama,PAN,2024,Capacity,GW,0.34
Panama,PAN,2024,Electricity generation,TWh,0.96
Papua New Guinea,PNG,2020,Capacity,GW,0.0
Papua New Guinea,PNG,2020,Electricity generation,TWh,0.0
Papua New Guinea,PNG,2021,Capacity,GW,0.0
Papua New Guinea,PNG,2021,Electricity generation,TWh,0.0
Papua New Guinea,PNG,2022,Capacity,GW,0.0
Papua New Guinea,PNG,2022,Electricity generation,TWh,0.0
Papua New Guinea,PNG,2023,Capacity,GW,0.0
Papua New Guinea,PNG,2023,Electricity generation,TWh,0.0
Papua New Guinea,PNG,2024,Capacity,GW,0.0
Papua New Guinea,PNG,2024,Electricity generation,TWh,0.0
Paraguay,PRY,2020,Capacity,GW,0.0
Paraguay,PRY,2020,Electricity generation,TWh,0.0
Paraguay,PRY,2021,Capacity,GW,0.0
Paraguay,PRY,2021,Electricity generation,TWh,0.0
Paraguay,PRY,2022,Capacity,GW,0.0
Paraguay,PRY,2022,Electricity generation,TWh,0.0
Paraguay,PRY,2023,Capacity,GW,0.0
Paraguay,PRY,2023,Electricity generation,TWh,0.0
Paraguay,PRY,2024,Capacity,GW,0.0
Paraguay,PRY,2024,Electricity generation,TWh,0.0
Paraguay,PRY,2025,Capacity,GW,0.0
Paraguay,PRY,2025,Electricity generation,TWh,0.0
Peru,PER,2020,Capacity,GW,0.41
Peru,PER,2020,Electricity generation,TWh,1.81
Peru,PER,2021,Capacity,GW,0.41
Peru,PER,2021,Electricity generation,TWh,1.82
Peru,PER,2022,Capacity,GW,0.54
Peru,PER,2022,Electricity generation,TWh,1.93
Peru,PER,2023,Capacity,GW,1.02
Peru,PER,2023,Electricity generation,TWh,1.93
Peru,PER,2024,Capacity,GW,1.03
Peru,PER,2024,Electricity generation,TWh,2.09
Peru,PER,2025,Capacity,GW,1.34
Peru,PER,2025,Electricity generation,TWh,2.11
Philippines (the),PHL,2020,Capacity,GW,0.44
Philippines (the),PHL,2020,Electricity generation,TWh,1.03
Philippines (the),PHL,2021,Capacity,GW,0.44
Philippines (the),PHL,2021,Electricity generation,TWh,1.28
Philippines (the),PHL,2022,Capacity,GW,0.44
Philippines (the),PHL,2022,Electricity generation,TWh,1.06
Philippines (the),PHL,2023,Capacity,GW,0.44
Philippines (the),PHL,2023,Electricity generation,TWh,1.35
Philippines (the),PHL,2024,Capacity,GW,0.44
Philippines (the),PHL,2024,Electricity generation,TWh,1.5
Philippines (the),PHL,2025,Capacity,GW,0.52
Philippines (the),PHL,2025,Electricity generation,TWh,1.46
Poland,POL,2020,Capacity,GW,6.3
Poland,POL,2020,Electricity generation,TWh,15.8
Poland,POL,2021,Capacity,GW,6.97
Poland,POL,2021,Electricity generation,TWh,16.23
Poland,POL,2022,Capacity,GW,8.15
Poland,POL,2022,Electricity generation,TWh,19.78
Poland,POL,2023,Capacity,GW,9.34
Poland,POL,2023,Electricity generation,TWh,24.18
Poland,POL,2024,Capacity,GW,10.15
Poland,POL,2024,Electricity generation,TWh,25.89
Poland,POL,2025,Capacity,GW,10.6
Poland,POL,2025,Electricity generation,TWh,23.98
Portugal,PRT,2020,Capacity,GW,5.12
Portugal,PRT,2020,Electricity generation,TWh,12.3
Portugal,PRT,2021,Capacity,GW,5.43
Portugal,PRT,2021,Electricity generation,TWh,13.21
Portugal,PRT,2022,Capacity,GW,5.54
Portugal,PRT,2022,Electricity generation,TWh,13.25
Portugal,PRT,2023,Capacity,GW,5.54
Portugal,PRT,2023,Electricity generation,TWh,13.15
Portugal,PRT,2024,Capacity,GW,5.6
Portugal,PRT,2024,Electricity generation,TWh,14.34
Portugal,PRT,2025,Capacity,GW,5.61
Portugal,PRT,2025,Electricity generation,TWh,13.68
Puerto Rico,PRI,2020,Capacity,GW,0.1
Puerto Rico,PRI,2020,Electricity generation,TWh,0.14
Puerto Rico,PRI,2021,Capacity,GW,0.1
Puerto Rico,PRI,2021,Electricity generation,TWh,0.16
Puerto Rico,PRI,2022,Capacity,GW,0.1
Puerto Rico,PRI,2022,Electricity generation,TWh,0.16
Puerto Rico,PRI,2023,Capacity,GW,0.1
Puerto Rico,PRI,2023,Electricity generation,TWh,0.16
Puerto Rico,PRI,2024,Capacity,GW,0.13
Puerto Rico,PRI,2024,Electricity generation,TWh,0.18
Puerto Rico,PRI,2025,Capacity,GW,0.13
Puerto Rico,PRI,2025,Electricity generation,TWh,0.23
Qatar,QAT,2020,Capacity,GW,0.0
Qatar,QAT,2020,Electricity generation,TWh,0.0
Qatar,QAT,2021,Capacity,GW,0.0
Qatar,QAT,2021,Electricity generation,TWh,0.0
Qatar,QAT,2022,Capacity,GW,0.0
Qatar,QAT,2022,Electricity generation,TWh,0.0
Qatar,QAT,2023,Capacity,GW,0.0
Qatar,QAT,2023,Electricity generation,TWh,0.0
Qatar,QAT,2024,Capacity,GW,0.0
Qatar,QAT,2024,Electricity generation,TWh,0.0
Qatar,QAT,2025,Capacity,GW,0.0
Qatar,QAT,2025,Electricity generation,TWh,0.0
Reunion,REU,2020,Capacity,GW,0.02
Reunion,REU,2020,Electricity generation,TWh,0.01
Reunion,REU,2021,Capacity,GW,0.02
Reunion,REU,2021,Electricity generation,TWh,0.0
Reunion,REU,2022,Capacity,GW,0.02
Reunion,REU,2022,Electricity generation,TWh,0.0
Reunion,REU,2023,Capacity,GW,0.01
Reunion,REU,2023,Electricity generation,TWh,0.02
Romania,ROU,2020,Capacity,GW,3.01
Romania,ROU,2020,Electricity generation,TWh,6.95
Romania,ROU,2021,Capacity,GW,3.01
Romania,ROU,2021,Electricity generation,TWh,6.58
Romania,ROU,2022,Capacity,GW,3.02
Romania,ROU,2022,Electricity generation,TWh,7.0
Romania,ROU,2023,Capacity,GW,3.03
Romania,ROU,2023,Electricity generation,TWh,7.55
Romania,ROU,2024,Capacity,GW,3.1
Romania,ROU,2024,Electricity generation,TWh,6.43
Romania,ROU,2025,Capacity,GW,3.28
Romania,ROU,2025,Electricity generation,TWh,5.97
Russian Federation (the),RUS,2020,Capacity,GW,1.04
Russian Federation (the),RUS,2020,Electricity generation,TWh,1.14
Russian Federation (the),RUS,2021,Capacity,GW,2.05
Russian Federation (the),RUS,2021,Electricity generation,TWh,2.58
Russian Federation (the),RUS,2022,Capacity,GW,2.28
Russian Federation (the),RUS,2022,Electricity generation,TWh,4.2
Russian Federation (the),RUS,2023,Capacity,GW,2.53
Russian Federation (the),RUS,2023,Electricity generation,TWh,4.75
Russian Federation (the),RUS,2024,Capacity,GW,2.57
Russian Federation (the),RUS,2024,Electricity generation,TWh,4.57
Russian Federation (the),RUS,2025,Capacity,GW,2.88
Russian Federation (the),RUS,2025,Electricity generation,TWh,3.64
Rwanda,RWA,2020,Capacity,GW,0.0
Rwanda,RWA,2020,Electricity generation,TWh,0.0
Rwanda,RWA,2021,Capacity,GW,0.0
Rwanda,RWA,2021,Electricity generation,TWh,0.0
Rwanda,RWA,2022,Capacity,GW,0.0
Rwanda,RWA,2022,Electricity generation,TWh,0.0
Rwanda,RWA,2023,Capacity,GW,0.0
Rwanda,RWA,2023,Electricity generation,TWh,0.0
Rwanda,RWA,2024,Capacity,GW,0.0
Rwanda,RWA,2024,Electricity generation,TWh,0.0
"Saint Helena, Ascension and Tristan da Cunha",SHN,2020,Capacity,GW,
"Saint Helena, Ascension and Tristan da Cunha",SHN,2020,Electricity generation,TWh,0.0
"Saint Helena, Ascension and Tristan da Cunha",SHN,2021,Capacity,GW,
"Saint Helena, Ascension and Tristan da Cunha",SHN,2021,Electricity generation,TWh,0.0
"Saint Helena, Ascension and Tristan da Cunha",SHN,2022,Capacity,GW,
"Saint Helena, Ascension and Tristan da Cunha",SHN,2022,Electricity generation,TWh,0.0
"Saint Helena, Ascension and Tristan da Cunha",SHN,2023,Capacity,GW,
"Saint Helena, Ascension and Tristan da Cunha",SHN,2023,Electricity generation,TWh,0.0
Saint Kitts and Nevis,KNA,2020,Capacity,GW,0.0
Saint Kitts and Nevis,KNA,2020,Electricity generation,TWh,0.01
Saint Kitts and Nevis,KNA,2021,Capacity,GW,0.0
Saint Kitts and Nevis,KNA,2021,Electricity generation,TWh,0.01
Saint Kitts and Nevis,KNA,2022,Capacity,GW,0.0
Saint Kitts and Nevis,KNA,2022,Electricity generation,TWh,0.01
Saint Kitts and Nevis,KNA,2023,Capacity,GW,0.0
Saint Kitts and Nevis,KNA,2023,Electricity generation,TWh,0.01
Saint Kitts and Nevis,KNA,2024,Capacity,GW,0.0
Saint Kitts and Nevis,KNA,2024,Electricity generation,TWh,0.01
Saint Lucia,LCA,2020,Capacity,GW,0.0
Saint Lucia,LCA,2020,Electricity generation,TWh,0.0
Saint Lucia,LCA,2021,Capacity,GW,0.0
Saint Lucia,LCA,2021,Electricity generation,TWh,0.0
Saint Lucia,LCA,2022,Capacity,GW,0.0
Saint Lucia,LCA,2022,Electricity generation,TWh,0.0
Saint Lucia,LCA,2023,Capacity,GW,0.0
Saint Lucia,LCA,2023,Electricity generation,TWh,0.0
Saint Lucia,LCA,2024,Capacity,GW,0.0
Saint Lucia,LCA,2024,Electricity generation,TWh,0.0
Saint Pierre and Miquelon,SPM,2020,Capacity,GW,0.0
Saint Pierre and Miquelon,SPM,2020,Electricity generation,TWh,0.0
Saint Pierre and Miquelon,SPM,2021,Capacity,GW,0.0
Saint Pierre and Miquelon,SPM,2021,Electricity generation,TWh,0.0
Saint Pierre and Miquelon,SPM,2022,Capacity,GW,0.0
Saint Pierre and Miquelon,SPM,2022,Electricity generation,TWh,0.0
Saint Pierre and Miquelon,SPM,2023,Capacity,GW,0.0
Saint Pierre and Miquelon,SPM,2023,Electricity generation,TWh,0.0
Saint Vincent and the Grenadines,VCT,2020,Capacity,GW,0.0
Saint Vincent and the Grenadines,VCT,2020,Electricity generation,TWh,0.0
Saint Vincent and the Grenadines,VCT,2021,Capacity,GW,0.0
Saint Vincent and the Grenadines,VCT,2021,Electricity generation,TWh,0.0
Saint Vincent and the Grenadines,VCT,2022,Capacity,GW,0.0
Saint Vincent and the Grenadines,VCT,2022,Electricity generation,TWh,0.0
Saint Vincent and the Grenadines,VCT,2023,Capacity,GW,0.0
Saint Vincent and the Grenadines,VCT,2023,Electricity generation,TWh,0.0
Saint Vincent and the Grenadines,VCT,2024,Capacity,GW,0.0
Saint Vincent and the Grenadines,VCT,2024,Electricity generation,TWh,0.0
Samoa,WSM,2020,Capacity,GW,0.0
Samoa,WSM,2020,Electricity generation,TWh,0.0
Samoa,WSM,2021,Capacity,GW,0.0
Samoa,WSM,2021,Electricity generation,TWh,0.0
Samoa,WSM,2022,Capacity,GW,0.0
Samoa,WSM,2022,Electricity generation,TWh,0.0
Samoa,WSM,2023,Capacity,GW,0.0
Samoa,WSM,2023,Electricity generation,TWh,0.0
Samoa,WSM,2024,Capacity,GW,0.0
Samoa,WSM,2024,Electricity generation,TWh,0.0
Sao Tome and Principe,STP,2020,Capacity,GW,0.0
Sao Tome and Principe,STP,2020,Electricity generation,TWh,0.0
Sao Tome and Principe,STP,2021,Capacity,GW,0.0
Sao Tome and Principe,STP,2021,Electricity generation,TWh,0.0
Sao Tome and Principe,STP,2022,Capacity,GW,0.0
Sao Tome and Principe,STP,2022,Electricity generation,TWh,0.0
Sao Tome and Principe,STP,2023,Capacity,GW,0.0
Sao Tome and Principe,STP,2023,Electricity generation,TWh,0.0
Saudi Arabia,SAU,2020,Capacity,GW,0.0
Saudi Arabia,SAU,2020,Electricity generation,TWh,0.01
Saudi Arabia,SAU,2021,Capacity,GW,0.0
Saudi Arabia,SAU,2021,Electricity generation,TWh,0.01
Saudi Arabia,SAU,2022,Capacity,GW,0.4
Saudi Arabia,SAU,2022,Electricity generation,TWh,0.79
Saudi Arabia,SAU,2023,Capacity,GW,0.4
Saudi Arabia,SAU,2023,Electricity generation,TWh,1.59
Saudi Arabia,SAU,2024,Capacity,GW,0.4
Saudi Arabia,SAU,2024,Electricity generation,TWh,1.59
Senegal,SEN,2020,Capacity,GW,0.16
Senegal,SEN,2020,Electricity generation,TWh,0.22
Senegal,SEN,2021,Capacity,GW,0.16
Senegal,SEN,2021,Electricity generation,TWh,0.4
Senegal,SEN,2022,Capacity,GW,0.16
Senegal,SEN,2022,Electricity generation,TWh,0.4
Senegal,SEN,2023,Capacity,GW,0.16
Senegal,SEN,2023,Electricity generation,TWh,0.38
Senegal,SEN,2024,Capacity,GW,0.16
Senegal,SEN,2024,Electricity generation,TWh,0.41
Serbia,SRB,2020,Capacity,GW,0.4
Serbia,SRB,2020,Electricity generation,TWh,0.98
Serbia,SRB,2021,Capacity,GW,0.4
Serbia,SRB,2021,Electricity generation,TWh,1.08
Serbia,SRB,2022,Capacity,GW,0.4
Serbia,SRB,2022,Electricity generation,TWh,0.95
Serbia,SRB,2023,Capacity,GW,0.51
Serbia,SRB,2023,Electricity generation,TWh,1.07
Serbia,SRB,2024,Capacity,GW,0.6
Serbia,SRB,2024,Electricity generation,TWh,1.25
Serbia,SRB,2025,Capacity,GW,0.8
Serbia,SRB,2025,Electricity generation,TWh,1.47
Seychelles,SYC,2020,Capacity,GW,0.01
Seychelles,SYC,2020,Electricity generation,TWh,0.01
Seychelles,SYC,2021,Capacity,GW,0.01
Seychelles,SYC,2021,Electricity generation,TWh,0.01
Seychelles,SYC,2022,Capacity,GW,0.01
Seychelles,SYC,2022,Electricity generation,TWh,0.01
Seychelles,SYC,2023,Capacity,GW,0.01
Seychelles,SYC,2023,Electricity generation,TWh,0.01
Seychelles,SYC,2024,Capacity,GW,0.01
Seychelles,SYC,2024,Electricity generation,TWh,0.01
Sierra Leone,SLE,2020,Capacity,GW,0.0
Sierra Leone,SLE,2020,Electricity generation,TWh,0.0
Sierra Leone,SLE,2021,Capacity,GW,0.0
Sierra Leone,SLE,2021,Electricity generation,TWh,0.0
Sierra Leone,SLE,2022,Capacity,GW,0.0
Sierra Leone,SLE,2022,Electricity generation,TWh,0.0
Sierra Leone,SLE,2023,Capacity,GW,0.0
Sierra Leone,SLE,2023,Electricity generation,TWh,0.0
Sierra Leone,SLE,2024,Capacity,GW,0.0
Sierra Leone,SLE,2024,Electricity generation,TWh,0.0
Slovakia,SVK,2020,Capacity,GW,0.0
Slovakia,SVK,2020,Electricity generation,TWh,0.0
Slovakia,SVK,2021,Capacity,GW,0.0
Slovakia,SVK,2021,Electricity generation,TWh,0.0
Slovakia,SVK,2022,Capacity,GW,0.0
Slovakia,SVK,2022,Electricity generation,TWh,0.0
Slovakia,SVK,2023,Capacity,GW,0.0
Slovakia,SVK,2023,Electricity generation,TWh,0.0
Slovakia,SVK,2024,Capacity,GW,0.0
Slovakia,SVK,2024,Electricity generation,TWh,0.0
Slovakia,SVK,2025,Capacity,GW,0.0
Slovakia,SVK,2025,Electricity generation,TWh,0.0
Slovenia,SVN,2020,Capacity,GW,0.0
Slovenia,SVN,2020,Electricity generation,TWh,0.01
Slovenia,SVN,2021,Capacity,GW,0.0
Slovenia,SVN,2021,Electricity generation,TWh,0.01
Slovenia,SVN,2022,Capacity,GW,0.0
Slovenia,SVN,2022,Electricity generation,TWh,0.01
Slovenia,SVN,2023,Capacity,GW,0.0
Slovenia,SVN,2023,Electricity generation,TWh,0.01
Slovenia,SVN,2024,Capacity,GW,0.0
Slovenia,SVN,2024,Electricity generation,TWh,0.01
Slovenia,SVN,2025,Capacity,GW,0.0
Slovenia,SVN,2025,Electricity generation,TWh,0.01
Solomon Islands,SLB,2020,Capacity,GW,0.0
Solomon Islands,SLB,2020,Electricity generation,TWh,0.0
Solomon Islands,SLB,2021,Capacity,GW,0.0
Solomon Islands,SLB,2021,Electricity generation,TWh,0.0
Solomon Islands,SLB,2022,Capacity,GW,0.0
Solomon Islands,SLB,2022,Electricity generation,TWh,0.0
Solomon Islands,SLB,2023,Capacity,GW,0.0
Solomon Islands,SLB,2023,Electricity generation,TWh,0.0
Solomon Islands,SLB,2024,Capacity,GW,0.0
Solomon Islands,SLB,2024,Electricity generation,TWh,0.0
Somalia,SOM,2020,Capacity,GW,0.0
Somalia,SOM,2020,Electricity generation,TWh,0.01
Somalia,SOM,2021,Capacity,GW,0.0
Somalia,SOM,2021,Electricity generation,TWh,0.01
Somalia,SOM,2022,Capacity,GW,0.0
Somalia,SOM,2022,Electricity generation,TWh,0.01
Somalia,SOM,2023,Capacity,GW,0.0
Somalia,SOM,2023,Electricity generation,TWh,0.01
Somalia,SOM,2024,Capacity,GW,0.0
Somalia,SOM,2024,Electricity generation,TWh,0.01
South Africa,ZAF,2020,Capacity,GW,2.52
South Africa,ZAF,2020,Electricity generation,TWh,6.41
South Africa,ZAF,2021,Capacity,GW,2.49
South Africa,ZAF,2021,Electricity generation,TWh,8.65
South Africa,ZAF,2022,Capacity,GW,3.16
South Africa,ZAF,2022,Electricity generation,TWh,9.7
South Africa,ZAF,2023,Capacity,GW,3.44
South Africa,ZAF,2023,Electricity generation,TWh,11.6
South Africa,ZAF,2024,Capacity,GW,3.44
South Africa,ZAF,2024,Electricity generation,TWh,11.1
South Africa,ZAF,2025,Capacity,GW,4.33
South Africa,ZAF,2025,Electricity generation,TWh,11.32
South Korea,KOR,2020,Capacity,GW,1.65
South Korea,KOR,2020,Electricity generation,TWh,3.15
South Korea,KOR,2021,Capacity,GW,1.71
South Korea,KOR,2021,Electricity generation,TWh,3.18
South Korea,KOR,2022,Capacity,GW,1.95
South Korea,KOR,2022,Electricity generation,TWh,3.37
South Korea,KOR,2023,Capacity,GW,2.16
South Korea,KOR,2023,Electricity generation,TWh,3.39
South Korea,KOR,2024,Capacity,GW,2.26
South Korea,KOR,2024,Electricity generation,TWh,3.36
South Korea,KOR,2025,Capacity,GW,2.45
South Korea,KOR,2025,Electricity generation,TWh,3.64
South Sudan,SSD,2020,Capacity,GW,0.0
South Sudan,SSD,2020,Electricity generation,TWh,0.0
South Sudan,SSD,2021,Capacity,GW,0.0
South Sudan,SSD,2021,Electricity generation,TWh,0.0
South Sudan,SSD,2022,Capacity,GW,0.0
South Sudan,SSD,2022,Electricity generation,TWh,0.0
South Sudan,SSD,2023,Capacity,GW,0.0
South Sudan,SSD,2023,Electricity generation,TWh,0.0
South Sudan,SSD,2024,Capacity,GW,0.0
South Sudan,SSD,2024,Electricity generation,TWh,0.0
Spain,ESP,2020,Capacity,GW,26.82
Spain,ESP,2020,Electricity generation,TWh,56.44
Spain,ESP,2021,Capacity,GW,27.91
Spain,ESP,2021,Electricity generation,TWh,62.06
Spain,ESP,2022,Capacity,GW,30.11
Spain,ESP,2022,Electricity generation,TWh,62.78
Spain,ESP,2023,Capacity,GW,30.87
Spain,ESP,2023,Electricity generation,TWh,64.28
Spain,ESP,2024,Capacity,GW,32.18
Spain,ESP,2024,Electricity generation,TWh,62.2
Spain,ESP,2025,Capacity,GW,33.3
Spain,ESP,2025,Electricity generation,TWh,58.76
Sri Lanka,LKA,2020,Capacity,GW,0.18
Sri Lanka,LKA,2020,Electricity generation,TWh,0.33
Sri Lanka,LKA,2021,Capacity,GW,0.25
Sri Lanka,LKA,2021,Electricity generation,TWh,0.65
Sri Lanka,LKA,2022,Capacity,GW,0.25
Sri Lanka,LKA,2022,Electricity generation,TWh,0.74
Sri Lanka,LKA,2023,Capacity,GW,0.27
Sri Lanka,LKA,2023,Electricity generation,TWh,0.82
Sri Lanka,LKA,2024,Capacity,GW,0.27
Sri Lanka,LKA,2024,Electricity generation,TWh,0.87
Sri Lanka,LKA,2025,Capacity,GW,0.27
Sri Lanka,LKA,2025,Electricity generation,TWh,0.93
Sudan (the),SDN,2020,Capacity,GW,0.0
Sudan (the),SDN,2020,Electricity generation,TWh,0.0
Sudan (the),SDN,2021,Capacity,GW,0.0
Sudan (the),SDN,2021,Electricity generation,TWh,0.0
Sudan (the),SDN,2022,Capacity,GW,0.0
Sudan (the),SDN,2022,Electricity generation,TWh,0.0
Sudan (the),SDN,2023,Capacity,GW,0.0
Sudan (the),SDN,2023,Electricity generation,TWh,0.0
Sudan (the),SDN,2024,Capacity,GW,0.0
Sudan (the),SDN,2024,Electricity generation,TWh,0.0
Suriname,SUR,2020,Capacity,GW,0.0
Suriname,SUR,2020,Electricity generation,TWh,0.0
Suriname,SUR,2021,Capacity,GW,0.0
Suriname,SUR,2021,Electricity generation,TWh,0.0
Suriname,SUR,2022,Capacity,GW,0.0
Suriname,SUR,2022,Electricity generation,TWh,0.0
Suriname,SUR,2023,Capacity,GW,0.0
Suriname,SUR,2023,Electricity generation,TWh,0.0
Suriname,SUR,2024,Capacity,GW,0.0
Suriname,SUR,2024,Electricity generation,TWh,0.0
Sweden,SWE,2020,Capacity,GW,9.98
Sweden,SWE,2020,Electricity generation,TWh,27.52
Sweden,SWE,2021,Capacity,GW,12.12
Sweden,SWE,2021,Electricity generation,TWh,27.25
Sweden,SWE,2022,Capacity,GW,14.28
Sweden,SWE,2022,Electricity generation,TWh,33.25
Sweden,SWE,2023,Capacity,GW,16.22
Sweden,SWE,2023,Electricity generation,TWh,34.25
Sweden,SWE,2024,Capacity,GW,16.82
Sweden,SWE,2024,Electricity generation,TWh,40.45
Sweden,SWE,2025,Capacity,GW,17.38
Sweden,SWE,2025,Electricity generation,TWh,38.9
Switzerland,CHE,2020,Capacity,GW,0.09
Switzerland,CHE,2020,Electricity generation,TWh,0.15
Switzerland,CHE,2021,Capacity,GW,0.09
Switzerland,CHE,2021,Electricity generation,TWh,0.14
Switzerland,CHE,2022,Capacity,GW,0.09
Switzerland,CHE,2022,Electricity generation,TWh,0.15
Switzerland,CHE,2023,Capacity,GW,0.09
Switzerland,CHE,2023,Electricity generation,TWh,0.17
Switzerland,CHE,2024,Capacity,GW,0.1
Switzerland,CHE,2024,Electricity generation,TWh,0.18
Switzerland,CHE,2025,Capacity,GW,0.11
Switzerland,CHE,2025,Electricity generation,TWh,0.14
Syrian Arab Republic (the),SYR,2020,Capacity,GW,0.0
Syrian Arab Republic (the),SYR,2020,Electricity generation,TWh,0.0
Syrian Arab Republic (the),SYR,2021,Capacity,GW,0.0
Syrian Arab Republic (the),SYR,2021,Electricity generation,TWh,0.0
Syrian Arab Republic (the),SYR,2022,Capacity,GW,0.0
Syrian Arab Republic (the),SYR,2022,Electricity generation,TWh,0.0
Syrian Arab Republic (the),SYR,2023,Capacity,GW,0.0
Syrian Arab Republic (the),SYR,2023,Electricity generation,TWh,0.0
Syrian Arab Republic (the),SYR,2024,Capacity,GW,0.0
Syrian Arab Republic (the),SYR,2024,Electricity generation,TWh,0.0
Taiwan,TWN,2020,Capacity,GW,0.94
Taiwan,TWN,2020,Electricity generation,TWh,2.31
Taiwan,TWN,2021,Capacity,GW,1.09
Taiwan,TWN,2021,Electricity generation,TWh,2.27
Taiwan,TWN,2022,Capacity,GW,1.58
Taiwan,TWN,2022,Electricity generation,TWh,3.58
Taiwan,TWN,2023,Capacity,GW,2.68
Taiwan,TWN,2023,Electricity generation,TWh,6.24
Taiwan,TWN,2024,Capacity,GW,3.91
Taiwan,TWN,2024,Electricity generation,TWh,10.33
Taiwan,TWN,2025,Capacity,GW,4.52
Taiwan,TWN,2025,Electricity generation,TWh,12.0
Tajikistan,TJK,2020,Capacity,GW,0.0
Tajikistan,TJK,2020,Electricity generation,TWh,0.0
Tajikistan,TJK,2021,Capacity,GW,0.0
Tajikistan,TJK,2021,Electricity generation,TWh,0.0
Tajikistan,TJK,2022,Capacity,GW,0.0
Tajikistan,TJK,2022,Electricity generation,TWh,0.0
Tajikistan,TJK,2023,Capacity,GW,0.0
Tajikistan,TJK,2023,Electricity generation,TWh,0.0
Tajikistan,TJK,2024,Capacity,GW,0.0
Tajikistan,TJK,2024,Electricity generation,TWh,0.0
Tajikistan,TJK,2025,Capacity,GW,0.0
Tajikistan,TJK,2025,Electricity generation,TWh,0.0
"Tanzania, the United Republic of",TZA,2020,Capacity,GW,0.0
"Tanzania, the United Republic of",TZA,2020,Electricity generation,TWh,0.0
"Tanzania, the United Republic of",TZA,2021,Capacity,GW,0.0
"Tanzania, the United Republic of",TZA,2021,Electricity generation,TWh,0.0
"Tanzania, the United Republic of",TZA,2022,Capacity,GW,0.0
"Tanzania, the United Republic of",TZA,2022,Electricity generation,TWh,0.0
"Tanzania, the United Republic of",TZA,2023,Capacity,GW,0.0
"Tanzania, the United Republic of",TZA,2023,Electricity generation,TWh,0.0
"Tanzania, the United Republic of",TZA,2024,Capacity,GW,0.0
"Tanzania, the United Republic of",TZA,2024,Electricity generation,TWh,0.0
Thailand,THA,2020,Capacity,GW,1.51
Thailand,THA,2020,Electricity generation,TWh,3.22
Thailand,THA,2021,Capacity,GW,1.55
Thailand,THA,2021,Electricity generation,TWh,3.53
Thailand,THA,2022,Capacity,GW,1.55
Thailand,THA,2022,Electricity generation,TWh,2.99
Thailand,THA,2023,Capacity,GW,1.54
Thailand,THA,2023,Electricity generation,TWh,3.74
Thailand,THA,2024,Capacity,GW,1.54
Thailand,THA,2024,Electricity generation,TWh,3.38
Thailand,THA,2025,Capacity,GW,1.54
Thailand,THA,2025,Electricity generation,TWh,3.41
Timor-Leste,TLS,2020,Capacity,GW,0.0
Timor-Leste,TLS,2020,Electricity generation,TWh,0.0
Timor-Leste,TLS,2021,Capacity,GW,0.0
Timor-Leste,TLS,2021,Electricity generation,TWh,0.0
Timor-Leste,TLS,2022,Capacity,GW,0.0
Timor-Leste,TLS,2022,Electricity generation,TWh,0.0
Timor-Leste,TLS,2023,Capacity,GW,0.0
Timor-Leste,TLS,2023,Electricity generation,TWh,0.0
Timor-Leste,TLS,2024,Capacity,GW,0.0
Timor-Leste,TLS,2024,Electricity generation,TWh,0.0
Togo,TGO,2020,Capacity,GW,0.0
Togo,TGO,2020,Electricity generation,TWh,0.0
Togo,TGO,2021,Capacity,GW,0.0
Togo,TGO,2021,Electricity generation,TWh,0.0
Togo,TGO,2022,Capacity,GW,0.0
Togo,TGO,2022,Electricity generation,TWh,0.0
Togo,TGO,2023,Capacity,GW,0.0
Togo,TGO,2023,Electricity generation,TWh,0.0
Togo,TGO,2024,Capacity,GW,0.0
Togo,TGO,2024,Electricity generation,TWh,0.0
Tonga,TON,2020,Capacity,GW,0.0
Tonga,TON,2020,Electricity generation,TWh,0.0
Tonga,TON,2021,Capacity,GW,0.0
Tonga,TON,2021,Electricity generation,TWh,0.0
Tonga,TON,2022,Capacity,GW,0.0
Tonga,TON,2022,Electricity generation,TWh,0.0
Tonga,TON,2023,Capacity,GW,0.0
Tonga,TON,2023,Electricity generation,TWh,0.0
Tonga,TON,2024,Capacity,GW,0.0
Tonga,TON,2024,Electricity generation,TWh,0.0
Trinidad and Tobago,TTO,2020,Capacity,GW,
Trinidad and Tobago,TTO,2020,Electricity generation,TWh,0.0
Trinidad and Tobago,TTO,2021,Capacity,GW,
Trinidad and Tobago,TTO,2021,Electricity generation,TWh,0.0
Trinidad and Tobago,TTO,2022,Capacity,GW,
Trinidad and Tobago,TTO,2022,Electricity generation,TWh,0.0
Trinidad and Tobago,TTO,2023,Capacity,GW,
Trinidad and Tobago,TTO,2023,Electricity generation,TWh,0.0
Trinidad and Tobago,TTO,2024,Capacity,GW,
Trinidad and Tobago,TTO,2024,Electricity generation,TWh,0.0
Tunisia,TUN,2020,Capacity,GW,0.25
Tunisia,TUN,2020,Electricity generation,TWh,0.47
Tunisia,TUN,2021,Capacity,GW,0.25
Tunisia,TUN,2021,Electricity generation,TWh,0.43
Tunisia,TUN,2022,Capacity,GW,0.25
Tunisia,TUN,2022,Electricity generation,TWh,0.32
Tunisia,TUN,2023,Capacity,GW,0.25
Tunisia,TUN,2023,Electricity generation,TWh,0.34
Tunisia,TUN,2024,Capacity,GW,0.25
Tunisia,TUN,2024,Electricity generation,TWh,0.37
Tunisia,TUN,2025,Capacity,GW,0.25
Tunisia,TUN,2025,Electricity generation,TWh,0.33
Turkey,TUR,2020,Capacity,GW,8.83
Turkey,TUR,2020,Electricity generation,TWh,24.61
Turkey,TUR,2021,Capacity,GW,10.61
Turkey,TUR,2021,Electricity generation,TWh,31.02
Turkey,TUR,2022,Capacity,GW,11.4
Turkey,TUR,2022,Electricity generation,TWh,34.69
Turkey,TUR,2023,Capacity,GW,11.81
Turkey,TUR,2023,Electricity generation,TWh,33.88
Turkey,TUR,2024,Capacity,GW,12.87
Turkey,TUR,2024,Electricity generation,TWh,36.53
Turkey,TUR,2025,Capacity,GW,14.78
Turkey,TUR,2025,Electricity generation,TWh,39.42
Turkmenistan,TKM,2020,Capacity,GW,0.0
Turkmenistan,TKM,2020,Electricity generation,TWh,0.0
Turkmenistan,TKM,2021,Capacity,GW,0.0
Turkmenistan,TKM,2021,Electricity generation,TWh,0.0
Turkmenistan,TKM,2022,Capacity,GW,0.0
Turkmenistan,TKM,2022,Electricity generation,TWh,0.0
Turkmenistan,TKM,2023,Capacity,GW,0.0
Turkmenistan,TKM,2023,Electricity generation,TWh,0.0
Turkmenistan,TKM,2024,Capacity,GW,0.0
Turkmenistan,TKM,2024,Electricity generation,TWh,0.0
Turks and Caicos Islands (the),TCA,2020,Capacity,GW,0.0
Turks and Caicos Islands (the),TCA,2020,Electricity generation,TWh,0.0
Turks and Caicos Islands (the),TCA,2021,Capacity,GW,0.0
Turks and Caicos Islands (the),TCA,2021,Electricity generation,TWh,0.0
Turks and Caicos Islands (the),TCA,2022,Capacity,GW,0.0
Turks and Caicos Islands (the),TCA,2022,Electricity generation,TWh,0.0
Turks and Caicos Islands (the),TCA,2023,Capacity,GW,0.0
Turks and Caicos Islands (the),TCA,2023,Electricity generation,TWh,0.0
Turks and Caicos Islands (the),TCA,2024,Capacity,GW,0.0
Turks and Caicos Islands (the),TCA,2024,Electricity generation,TWh,0.0
Uganda,UGA,2020,Capacity,GW,0.0
Uganda,UGA,2020,Electricity generation,TWh,0.0
Uganda,UGA,2021,Capacity,GW,0.0
Uganda,UGA,2021,Electricity generation,TWh,0.0
Uganda,UGA,2022,Capacity,GW,0.0
Uganda,UGA,2022,Electricity generation,TWh,0.0
Uganda,UGA,2023,Capacity,GW,0.0
Uganda,UGA,2023,Electricity generation,TWh,0.0
Uganda,UGA,2024,Capacity,GW,0.0
Uganda,UGA,2024,Electricity generation,TWh,0.0
Ukraine,UKR,2020,Capacity,GW,1.4
Ukraine,UKR,2020,Electricity generation,TWh,3.26
Ukraine,UKR,2021,Capacity,GW,1.76
Ukraine,UKR,2021,Electricity generation,TWh,3.82
Ukraine,UKR,2022,Capacity,GW,1.76
Ukraine,UKR,2022,Electricity generation,TWh,1.42
United Arab Emirates,ARE,2020,Capacity,GW,0.0
United Arab Emirates,ARE,2020,Electricity generation,TWh,0.0
United Arab Emirates,ARE,2021,Capacity,GW,0.0
United Arab Emirates,ARE,2021,Electricity generation,TWh,0.0
United Arab Emirates,ARE,2022,Capacity,GW,0.0
United Arab Emirates,ARE,2022,Electricity generation,TWh,0.0
United Arab Emirates,ARE,2023,Capacity,GW,0.1
United Arab Emirates,ARE,2023,Electricity generation,TWh,0.06
United Arab Emirates,ARE,2024,Capacity,GW,0.11
United Arab Emirates,ARE,2024,Electricity generation,TWh,0.2
United Kingdom,GBR,2020,Capacity,GW,24.46
United Kingdom,GBR,2020,Electricity generation,TWh,75.62
United Kingdom,GBR,2021,Capacity,GW,25.75
United Kingdom,GBR,2021,Electricity generation,TWh,64.93
United Kingdom,GBR,2022,Capacity,GW,28.76
United Kingdom,GBR,2022,Electricity generation,TWh,80.21
United Kingdom,GBR,2023,Capacity,GW,30.16
United Kingdom,GBR,2023,Electricity generation,TWh,82.15
United Kingdom,GBR,2024,Capacity,GW,32.15
United Kingdom,GBR,2024,Electricity generation,TWh,83.28
United Kingdom,GBR,2025,Capacity,GW,33.4
United Kingdom,GBR,2025,Electricity generation,TWh,85.84
United States of America,USA,2020,Capacity,GW,118.48
United States of America,USA,2020,Electricity generation,TWh,337.94
United States of America,USA,2021,Capacity,GW,132.85
United States of America,USA,2021,Electricity generation,TWh,378.2
United States of America,USA,2022,Capacity,GW,141.5
United States of America,USA,2022,Electricity generation,TWh,434.3
United States of America,USA,2023,Capacity,GW,147.52
United States of America,USA,2023,Electricity generation,TWh,421.14
United States of America,USA,2024,Capacity,GW,152.65
United States of America,USA,2024,Electricity generation,TWh,451.9
United States of America,USA,2025,Capacity,GW,158.83
United States of America,USA,2025,Electricity generation,TWh,464.39
Uruguay,URY,2020,Capacity,GW,1.52
Uruguay,URY,2020,Electricity generation,TWh,5.48
Uruguay,URY,2021,Capacity,GW,1.52
Uruguay,URY,2021,Electricity generation,TWh,4.99
Uruguay,URY,2022,Capacity,GW,1.52
Uruguay,URY,2022,Electricity generation,TWh,4.78
Uruguay,URY,2023,Capacity,GW,1.52
Uruguay,URY,2023,Electricity generation,TWh,4.76
Uruguay,URY,2024,Capacity,GW,1.52
Uruguay,URY,2024,Electricity generation,TWh,5.16
Uruguay,URY,2025,Capacity,GW,1.52
Uruguay,URY,2025,Electricity generation,TWh,4.85
Uzbekistan,UZB,2020,Capacity,GW,0.0
Uzbekistan,UZB,2020,Electricity generation,TWh,0.0
Uzbekistan,UZB,2021,Capacity,GW,0.0
Uzbekistan,UZB,2021,Electricity generation,TWh,0.0
Uzbekistan,UZB,2022,Capacity,GW,0.0
Uzbekistan,UZB,2022,Electricity generation,TWh,0.0
Uzbekistan,UZB,2023,Capacity,GW,0.0
Uzbekistan,UZB,2023,Electricity generation,TWh,0.55
Uzbekistan,UZB,2024,Capacity,GW,0.5
Uzbekistan,UZB,2024,Electricity generation,TWh,1.9
Uzbekistan,UZB,2025,Capacity,GW,1.65
Uzbekistan,UZB,2025,Electricity generation,TWh,4.0
Vanuatu,VUT,2020,Capacity,GW,0.0
Vanuatu,VUT,2020,Electricity generation,TWh,0.01
Vanuatu,VUT,2021,Capacity,GW,0.0
Vanuatu,VUT,2021,Electricity generation,TWh,0.0
Vanuatu,VUT,2022,Capacity,GW,0.0
Vanuatu,VUT,2022,Electricity generation,TWh,0.0
Vanuatu,VUT,2023,Capacity,GW,0.0
Vanuatu,VUT,2023,Electricity generation,TWh,0.0
Venezuela (Bolivarian Republic of),VEN,2020,Capacity,GW,0.05
Venezuela (Bolivarian Republic of),VEN,2020,Electricity generation,TWh,0.02
Venezuela (Bolivarian Republic of),VEN,2021,Capacity,GW,0.05
Venezuela (Bolivarian Republic of),VEN,2021,Electricity generation,TWh,0.02
Venezuela (Bolivarian Republic of),VEN,2022,Capacity,GW,0.05
Venezuela (Bolivarian Republic of),VEN,2022,Electricity generation,TWh,0.02
Venezuela (Bolivarian Republic of),VEN,2023,Capacity,GW,0.05
Venezuela (Bolivarian Republic of),VEN,2023,Electricity generation,TWh,0.02
Venezuela (Bolivarian Republic of),VEN,2024,Capacity,GW,0.05
Venezuela (Bolivarian Republic of),VEN,2024,Electricity generation,TWh,0.02
Viet Nam,VNM,2020,Capacity,GW,0.52
Viet Nam,VNM,2020,Electricity generation,TWh,0.98
Viet Nam,VNM,2021,Capacity,GW,4.12
Viet Nam,VNM,2021,Electricity generation,TWh,3.34
Viet Nam,VNM,2022,Capacity,GW,5.07
Viet Nam,VNM,2022,Electricity generation,TWh,9.09
Viet Nam,VNM,2023,Capacity,GW,5.89
Viet Nam,VNM,2023,Electricity generation,TWh,11.59
Viet Nam,VNM,2024,Capacity,GW,6.18
Viet Nam,VNM,2024,Electricity generation,TWh,12.75
Viet Nam,VNM,2025,Capacity,GW,6.24
Viet Nam,VNM,2025,Electricity generation,TWh,14.37
Virgin Islands (British),VGB,2020,Capacity,GW,0.0
Virgin Islands (British),VGB,2020,Electricity generation,TWh,0.0
Virgin Islands (British),VGB,2021,Capacity,GW,0.0
Virgin Islands (British),VGB,2021,Electricity generation,TWh,0.0
Virgin Islands (British),VGB,2022,Capacity,GW,0.0
Virgin Islands (British),VGB,2022,Electricity generation,TWh,0.0
Virgin Islands (British),VGB,2023,Capacity,GW,0.0
Virgin Islands (British),VGB,2023,Electricity generation,TWh,0.0
Virgin Islands (U.S.),VIR,2020,Capacity,GW,0.0
Virgin Islands (U.S.),VIR,2020,Electricity generation,TWh,0.0
Virgin Islands (U.S.),VIR,2021,Capacity,GW,0.0
Virgin Islands (U.S.),VIR,2021,Electricity generation,TWh,0.0
Virgin Islands (U.S.),VIR,2022,Capacity,GW,0.0
Virgin Islands (U.S.),VIR,2022,Electricity generation,TWh,0.0
Virgin Islands (U.S.),VIR,2023,Capacity,GW,0.0
Virgin Islands (U.S.),VIR,2023,Electricity generation,TWh,0.0
Yemen,YEM,2020,Capacity,GW,0.0
Yemen,YEM,2020,Electricity generation,TWh,0.0
Yemen,YEM,2021,Capacity,GW,0.0
Yemen,YEM,2021,Electricity generation,TWh,0.0
Yemen,YEM,2022,Capacity,GW,0.0
Yemen,YEM,2022,Electricity generation,TWh,0.0
Yemen,YEM,2023,Capacity,GW,0.0
Yemen,YEM,2023,Electricity generation,TWh,0.0
Yemen,YEM,2024,Capacity,GW,0.0
Yemen,YEM,2024,Electricity generation,TWh,0.0
Zambia,ZMB,2020,Capacity,GW,0.0
Zambia,ZMB,2020,Electricity generation,TWh,0.0
Zambia,ZMB,2021,Capacity,GW,0.0
Zambia,ZMB,2021,Electricity generation,TWh,0.0
Zambia,ZMB,2022,Capacity,GW,0.0
Zambia,ZMB,2022,Electricity generation,TWh,0.0
Zambia,ZMB,2023,Capacity,GW,0.0
Zambia,ZMB,2023,Electricity generation,TWh,0.0
Zambia,ZMB,2024,Capacity,GW,0.0
Zambia,ZMB,2024,Electricity generation,TWh,0.0
Zimbabwe,ZWE,2020,Capacity,GW,0.0
Zimbabwe,ZWE,2020,Electricity generation,TWh,0.0
Zimbabwe,ZWE,2021,Capacity,GW,0.0
Zimbabwe,ZWE,2021,Electricity generation,TWh,0.0
Zimbabwe,ZWE,2022,Capacity,GW,0.0
Zimbabwe,ZWE,2022,Electricity generation,TWh,0.0
Zimbabwe,ZWE,2023,Capacity,GW,0.0
Zimbabwe,ZWE,2023,Electricity generation,TWh,0.0
Zimbabwe,ZWE,2024,Capacity,GW,0.0
Zimbabwe,ZWE,2024,Electricity generation,TWh,0.0
